motif_id	motif_alt_id	sequence_name	start	stop	strand	score	p-value	q-value	matched_sequence
MA0014.3	PAX5	chr6	57653326	57653337	-	15.4955	2.27e-06	0.748	GGGCGTGACCGC
MA0014.3	PAX5	chr12	112506070	112506081	+	15.4505	2.32e-06	0.748	GGGCGTGACCTC
MA0014.3	PAX5	chr6	34857341	34857352	-	14.0631	7.19e-06	0.959	TAGCGTGACCAC
MA0014.3	PAX5	chr6	70740275	70740286	-	13.8288	8.1e-06	0.959	CAGCGTGACCTA
MA0014.3	PAX5	chr16	8829738	8829749	+	13.5045	9.44e-06	0.959	CTGCGTGACCAT
MA0014.3	PAX5	chr11	74652207	74652218	-	12.7838	1.62e-05	0.959	AAGCGAGACCCC
MA0014.3	PAX5	chr13	57679397	57679408	-	12.7748	1.63e-05	0.959	GGGCGTGACTCT
MA0014.3	PAX5	chr8	73222366	73222377	+	12.5135	2.06e-05	0.959	GGGCGTGACGCG
MA0014.3	PAX5	chr5	87233123	87233134	-	12.4775	2.12e-05	0.959	GGGCGTGACTTC
MA0014.3	PAX5	chr6	57653556	57653567	-	12.3514	2.42e-05	0.959	GGGCGTGACTTT
MA0014.3	PAX5	chr1	137838453	137838464	-	12.3153	2.51e-05	0.959	GGGCGTGACTTG
MA0014.3	PAX5	chr8	96633541	96633552	-	11.9099	3.59e-05	0.959	GAGCGTGACACA
MA0014.3	PAX5	chr4	32996301	32996312	+	11.8829	3.63e-05	0.959	GTCCGTGACCTG
MA0014.3	PAX5	chr1	157124012	157124023	-	11.7928	3.95e-05	0.959	GGGCGTGGCCCC
MA0014.3	PAX5	chr11	102236592	102236603	-	11.7477	4.1e-05	0.959	GGGTGTGACCCT
MA0014.3	PAX5	chr13	20242209	20242220	-	11.7027	4.23e-05	0.959	GAGCGTGTCCTT
MA0014.3	PAX5	chr5	143682182	143682193	-	11.7027	4.23e-05	0.959	GGGTGTGACCAC
MA0014.3	PAX5	chr10	41632324	41632335	-	11.6667	4.35e-05	0.959	GGGCGTGGCCCT
MA0014.3	PAX5	chr12	114390881	114390892	+	11.6667	4.35e-05	0.959	GTGCGTGACTAA
MA0014.3	PAX5	chr1	173211162	173211173	-	11.6667	4.35e-05	0.959	GGGCGTGGCCCT
MA0014.3	PAX5	chr18	32702307	32702318	-	11.6216	4.5e-05	0.959	AGGCGTGGCCCC
MA0014.3	PAX5	chr3	144333094	144333105	-	11.6036	4.59e-05	0.959	ATGCATGACCAC
MA0014.3	PAX5	chr6	144850453	144850464	+	11.6036	4.59e-05	0.959	AAGTGTGACCAA
MA0014.3	PAX5	chr15	75434379	75434390	-	11.5676	4.72e-05	0.959	AAGCGTGACAAA
MA0014.3	PAX5	chr8	97257916	97257927	-	11.5405	4.76e-05	0.959	GGGTGTGACCAG
MA0014.3	PAX5	chr5	45951815	45951826	-	11.4955	4.92e-05	0.959	GGGCGTGTCCCC
MA0014.3	PAX5	chr5	27985308	27985319	+	11.4685	5.01e-05	0.959	AGGCATGACCCA
MA0014.3	PAX5	chr5	34915769	34915780	+	11.3784	5.33e-05	0.959	GAGCGGGACCCC
MA0014.3	PAX5	chr17	45710371	45710382	+	11.3784	5.33e-05	0.959	GAGCGGGACCCC
MA0014.3	PAX5	chr4	43977516	43977527	+	11.3604	5.44e-05	0.959	GAGCCTGACCCT
MA0014.3	PAX5	chr11	30901720	30901731	-	11.3333	5.51e-05	0.959	AGGCGTGACAAG
MA0014.3	PAX5	chr11	4577431	4577442	+	11.3243	5.57e-05	0.959	GGGCGTGTCCAC
MA0014.3	PAX5	chr7	106135679	106135690	+	11.3243	5.57e-05	0.959	AGGCGTGTCCCC
MA0014.3	PAX5	chr4	109112740	109112751	-	11.2973	5.67e-05	0.959	AGGCATGACCAA
MA0014.3	PAX5	chr14	56155119	56155130	-	11.2883	5.73e-05	0.959	GGGTGTGACCTG
MA0014.3	PAX5	chr14	79987367	79987378	-	11.2883	5.73e-05	0.959	GGGCGTGGCCGT
MA0014.3	PAX5	chr4	135730868	135730879	+	11.2883	5.73e-05	0.959	GGGTGTGACCTG
MA0014.3	PAX5	chr17	45710302	45710313	-	11.2523	5.9e-05	0.959	GTGCGTGGCCCG
MA0014.3	PAX5	chr19	5845973	5845984	+	11.2252	6.04e-05	0.959	GCGCGTGACTTC
MA0014.3	PAX5	chr5	129723570	129723581	+	11.1622	6.28e-05	0.959	GGGCGTGTCCAG
MA0014.3	PAX5	chr6	8295608	8295619	-	11.1081	6.56e-05	0.959	CAGCGTGACTAA
MA0014.3	PAX5	chr1	33631574	33631585	-	11.1081	6.56e-05	0.959	GGGCGTGGCCCA
MA0014.3	PAX5	chr6	149136908	149136919	-	11.045	6.93e-05	0.959	CGGCGTGACTCG
MA0014.3	PAX5	chr17	47754810	47754821	-	11.018	7.05e-05	0.959	GGGTGTGACCAA
MA0014.3	PAX5	chr3	68858796	68858807	-	11.018	7.05e-05	0.959	GGGTGTGACCAA
MA0014.3	PAX5	chr7	139970150	139970161	-	10.955	7.28e-05	0.959	GTGCGTGTCCCG
MA0014.3	PAX5	chr9	59598589	59598600	+	10.9459	7.35e-05	0.959	AGGCGTGTCCGC
MA0014.3	PAX5	chr19	5841806	5841817	+	10.9369	7.42e-05	0.959	AGGCGTGGCCCA
MA0014.3	PAX5	chr4	135408035	135408046	-	10.9369	7.42e-05	0.959	AGGCGTGGCCCA
MA0014.3	PAX5	chr8	126512644	126512655	-	10.9099	7.56e-05	0.959	GTGTGTGACCTG
MA0014.3	PAX5	chr17	28960651	28960662	+	10.9009	7.61e-05	0.959	GAGCCTGACCTG
MA0014.3	PAX5	chr1	59011043	59011054	+	10.8559	7.84e-05	0.959	GAGCGTCACCTG
MA0014.3	PAX5	chr8	108344939	108344950	-	10.8108	8.11e-05	0.959	CAGTGTGACCCT
MA0014.3	PAX5	chr11	87539994	87540005	+	10.7748	8.31e-05	0.959	AGGCGTGTCCTT
MA0014.3	PAX5	chr1	77295336	77295347	-	10.7658	8.35e-05	0.959	GGGTGTGACCTA
MA0014.3	PAX5	chr3	145253963	145253974	-	10.7658	8.35e-05	0.959	CAGTGTGACCAC
MA0014.3	PAX5	chr7	106959944	106959955	-	10.7117	8.6e-05	0.971	AAGCGTGAACAG
MA0014.3	PAX5	chr10	60612254	60612265	-	10.6757	8.79e-05	0.971	AAGGGTGACCTT
MA0014.3	PAX5	chr11	117642112	117642123	+	10.6396	9.01e-05	0.971	AGGCGTGTCCCA
MA0014.3	PAX5	chr7	128851345	128851356	-	10.6036	9.22e-05	0.971	CTCCGTGACCAC
MA0014.3	PAX5	chr1	60400091	60400102	-	10.5586	9.44e-05	0.971	GGGCGTCACCCT
MA0014.3	PAX5	chr1	181078912	181078923	-	10.5586	9.44e-05	0.971	TAGCATGACCCT
MA0014.3	PAX5	chr14	32981986	32981997	-	10.5315	9.53e-05	0.971	CAGCATGACCAA
MA0014.3	PAX5	chr9	113850659	113850670	-	10.5135	9.66e-05	0.971	TAGCATGACCAC
MA0014.3	PAX5	chr4	119486536	119486547	+	10.4685	9.87e-05	0.972	AGGGGTGACCCC
MA0014.3	PAX5	chr1	173211323	173211334	+	10.4505	9.96e-05	0.972	CTGCGTGACTGC

# FIMO (Find Individual Motif Occurrences): Version 5.1.0 compiled on Oct  9 2019 at 16:31:56
# The format of this file is described at http://meme-suite.org/doc/fimo-output-format.html.
# fimo --parse-genomic-coord --verbosity 1 --oc memechip_example_output_files/fimo_out_3 --bgfile memechip_example_output_files/background --motif MA0014.3 JASPAR2018_CORE_non-redundant.meme memechip_example_output_files/Klf1.fna
