motif_ID	motif_ALT_ID	motif_P-value	seq_ID	seq_Score	seq_Class	is_holdout?
1-CCASYAGRGGGCGCY	STREME-1	1.0e-004	14:106873415-106873915	20.04	tp	0
1-CCASYAGRGGGCGCY	STREME-1	1.0e-004	11:123349004-123349504	19.44	tp	0
1-CCASYAGRGGGCGCY	STREME-1	1.0e-004	12:104026269-104026769	19.36	tp	0
1-CCASYAGRGGGCGCY	STREME-1	1.0e-004	1:161197084-161197584	19.26	tp	0
1-CCASYAGRGGGCGCY	STREME-1	1.0e-004	11:76518392-76518892	19.17	tp	0
1-CCASYAGRGGGCGCY	STREME-1	1.0e-004	6:33995344-33995844	19.01	tp	0
1-CCASYAGRGGGCGCY	STREME-1	1.0e-004	1:247535946-247536446	18.93	tp	0
1-CCASYAGRGGGCGCY	STREME-1	1.0e-004	1:65896701-65897201	18.88	tp	0
1-CCASYAGRGGGCGCY	STREME-1	1.0e-004	3:195641790-195642290	18.82	tp	0
1-CCASYAGRGGGCGCY	STREME-1	1.0e-004	1:46502653-46503153	18.15	tp	0
1-CCASYAGRGGGCGCY	STREME-1	1.0e-004	2:44706489-44706989	18.03	tp	0
1-CCASYAGRGGGCGCY	STREME-1	1.0e-004	1:203185222-203185722	17.78	tp	0
1-CCASYAGRGGGCGCY	STREME-1	1.0e-004	6:24766905-24767405	17.77	tp	0
1-CCASYAGRGGGCGCY	STREME-1	1.0e-004	9:119499279-119499779	17.75	tp	0
1-CCASYAGRGGGCGCY	STREME-1	1.0e-004	10:103892146-103892646	17.65	tp	1
1-CCASYAGRGGGCGCY	STREME-1	1.0e-004	1:224701361-224701861	17.65	tp	0
1-CCASYAGRGGGCGCY	STREME-1	1.0e-004	7:148224656-148225156	17.62	tp	0
1-CCASYAGRGGGCGCY	STREME-1	1.0e-004	19:14310986-14311486	17.59	tp	0
1-CCASYAGRGGGCGCY	STREME-1	1.0e-004	14:98604873-98605373	17.55	tp	0
1-CCASYAGRGGGCGCY	STREME-1	1.0e-004	20:4741138-4741638	17.55	tp	0
1-CCASYAGRGGGCGCY	STREME-1	1.0e-004	1:234634745-234635245	17.50	tp	0
1-CCASYAGRGGGCGCY	STREME-1	1.0e-004	8:128746125-128746625	17.47	tp	0
1-CCASYAGRGGGCGCY	STREME-1	1.0e-004	1:202243670-202244170	17.38	tp	0
1-CCASYAGRGGGCGCY	STREME-1	1.0e-004	2:27906294-27906794	17.28	tp	0
1-CCASYAGRGGGCGCY	STREME-1	1.0e-004	1:27423829-27424329	17.28	tp	0
1-CCASYAGRGGGCGCY	STREME-1	1.0e-004	19:50486822-50487322	17.20	tp	1
1-CCASYAGRGGGCGCY	STREME-1	1.0e-004	5:82726185-82726685	17.20	tp	0
1-CCASYAGRGGGCGCY	STREME-1	1.0e-004	7:116570427-116570927	17.07	tp	0
1-CCASYAGRGGGCGCY	STREME-1	1.0e-004	X:48774453-48774953	16.98	tp	0
1-CCASYAGRGGGCGCY	STREME-1	1.0e-004	11:111435771-111436271	16.98	tp	1
1-CCASYAGRGGGCGCY	STREME-1	1.0e-004	12:6532631-6533131	16.93	tp	0
1-CCASYAGRGGGCGCY	STREME-1	1.0e-004	2:132249763-132250263	16.90	tp	0
1-CCASYAGRGGGCGCY	STREME-1	1.0e-004	10:81134285-81134785	16.88	tp	0
1-CCASYAGRGGGCGCY	STREME-1	1.0e-004	2:97616839-97617339	16.86	tp	0
1-CCASYAGRGGGCGCY	STREME-1	1.0e-004	12:121668034-121668534	16.86	tp	0
1-CCASYAGRGGGCGCY	STREME-1	1.0e-004	9:112665759-112666259	16.77	tp	0
1-CCASYAGRGGGCGCY	STREME-1	1.0e-004	17:44270653-44271153	16.74	tp	0
1-CCASYAGRGGGCGCY	STREME-1	1.0e-004	3:129208976-129209476	16.70	tp	0
1-CCASYAGRGGGCGCY	STREME-1	1.0e-004	5:9544523-9545023	16.65	tp	1
1-CCASYAGRGGGCGCY	STREME-1	1.0e-004	9:89048811-89049311	16.57	tp	0
1-CCASYAGRGGGCGCY	STREME-1	1.0e-004	20:2432717-2433217	16.51	tp	0
1-CCASYAGRGGGCGCY	STREME-1	1.0e-004	1:175115650-175116150	16.46	tp	0
1-CCASYAGRGGGCGCY	STREME-1	1.0e-004	19:35626221-35626721	16.39	tp	0
1-CCASYAGRGGGCGCY	STREME-1	1.0e-004	6:30845422-30845922	16.36	tp	0
1-CCASYAGRGGGCGCY	STREME-1	1.0e-004	20:35402512-35403012	16.36	tp	0
1-CCASYAGRGGGCGCY	STREME-1	1.0e-004	6:26026391-26026891	16.22	tp	0
1-CCASYAGRGGGCGCY	STREME-1	1.0e-004	18:21202137-21202637	16.14	tp	0
1-CCASYAGRGGGCGCY	STREME-1	1.0e-004	1:246862383-246862883	16.08	tp	0
1-CCASYAGRGGGCGCY	STREME-1	1.0e-004	7:101457338-101457838	16.06	tp	0
1-CCASYAGRGGGCGCY	STREME-1	1.0e-004	19:2051136-2051636	16.06	tp	0
1-CCASYAGRGGGCGCY	STREME-1	1.0e-004	6:125474616-125475116	16.02	tp	0
1-CCASYAGRGGGCGCY	STREME-1	1.0e-004	16:1614295-1614795	16.00	tp	0
1-CCASYAGRGGGCGCY	STREME-1	1.0e-004	2:171217768-171218268	15.98	tp	0
1-CCASYAGRGGGCGCY	STREME-1	1.0e-004	3:38697173-38697673	15.97	tp	0
1-CCASYAGRGGGCGCY	STREME-1	1.0e-004	1:39283723-39284223	15.93	tp	0
1-CCASYAGRGGGCGCY	STREME-1	1.0e-004	19:38747087-38747587	15.88	tp	0
1-CCASYAGRGGGCGCY	STREME-1	1.0e-004	14:88958480-88958980	15.85	tp	0
1-CCASYAGRGGGCGCY	STREME-1	1.0e-004	10:60059198-60059698	15.84	tp	0
1-CCASYAGRGGGCGCY	STREME-1	1.0e-004	1:17955845-17956345	15.81	tp	0
1-CCASYAGRGGGCGCY	STREME-1	1.0e-004	14:25148036-25148536	15.79	tp	0
1-CCASYAGRGGGCGCY	STREME-1	1.0e-004	19:51597903-51598403	15.75	tp	0
1-CCASYAGRGGGCGCY	STREME-1	1.0e-004	15:44195914-44196414	15.75	tp	0
1-CCASYAGRGGGCGCY	STREME-1	1.0e-004	6:150044910-150045410	15.72	tp	0
1-CCASYAGRGGGCGCY	STREME-1	1.0e-004	12:119850934-119851434	15.66	tp	0
1-CCASYAGRGGGCGCY	STREME-1	1.0e-004	19:10338168-10338668	15.61	tp	0
1-CCASYAGRGGGCGCY	STREME-1	1.0e-004	20:37360028-37360528	15.55	tp	0
1-CCASYAGRGGGCGCY	STREME-1	1.0e-004	14:99654886-99655386	15.53	fp	0
1-CCASYAGRGGGCGCY	STREME-1	1.0e-004	X:149885217-149885717	15.52	tp	0
1-CCASYAGRGGGCGCY	STREME-1	1.0e-004	2:113357565-113358065	15.51	tp	0
1-CCASYAGRGGGCGCY	STREME-1	1.0e-004	12:107528346-107528846	15.50	tp	0
1-CCASYAGRGGGCGCY	STREME-1	1.0e-004	10:134468150-134468650	15.43	tp	0
1-CCASYAGRGGGCGCY	STREME-1	1.0e-004	2:233305192-233305692	15.41	tp	0
1-CCASYAGRGGGCGCY	STREME-1	1.0e-004	1:171614002-171614502	15.37	tp	0
1-CCASYAGRGGGCGCY	STREME-1	1.0e-004	2:121716166-121716666	15.37	tp	0
1-CCASYAGRGGGCGCY	STREME-1	1.0e-004	15:52432006-52432506	15.27	tp	0
1-CCASYAGRGGGCGCY	STREME-1	1.0e-004	8:29172129-29172629	15.27	tp	0
1-CCASYAGRGGGCGCY	STREME-1	1.0e-004	14:78488295-78488795	15.26	tp	0
1-CCASYAGRGGGCGCY	STREME-1	1.0e-004	7:116767588-116768088	15.22	tp	0
1-CCASYAGRGGGCGCY	STREME-1	1.0e-004	7:1209440-1209940	15.22	tp	0
1-CCASYAGRGGGCGCY	STREME-1	1.0e-004	16:629029-629529	15.16	tp	0
1-CCASYAGRGGGCGCY	STREME-1	1.0e-004	3:150213327-150213827	15.15	tp	0
1-CCASYAGRGGGCGCY	STREME-1	1.0e-004	9:136218807-136219307	15.13	tp	0
1-CCASYAGRGGGCGCY	STREME-1	1.0e-004	9:136218767-136219267	15.13	tp	1
1-CCASYAGRGGGCGCY	STREME-1	1.0e-004	17:57243138-57243638	14.95	fp	0
1-CCASYAGRGGGCGCY	STREME-1	1.0e-004	19:39600962-39601462	14.95	tp	0
1-CCASYAGRGGGCGCY	STREME-1	1.0e-004	4:169104778-169105278	14.94	tp	0
1-CCASYAGRGGGCGCY	STREME-1	1.0e-004	15:56344915-56345415	14.86	tp	0
1-CCASYAGRGGGCGCY	STREME-1	1.0e-004	14:34145209-34145709	14.86	tp	0
1-CCASYAGRGGGCGCY	STREME-1	1.0e-004	6:148466024-148466524	14.84	tp	0
1-CCASYAGRGGGCGCY	STREME-1	1.0e-004	4:86965077-86965577	14.78	tp	0
1-CCASYAGRGGGCGCY	STREME-1	1.0e-004	16:89233812-89234312	14.76	tp	0
1-CCASYAGRGGGCGCY	STREME-1	1.0e-004	10:82204357-82204857	14.73	tp	0
1-CCASYAGRGGGCGCY	STREME-1	1.0e-004	7:6475179-6475679	14.70	tp	0
1-CCASYAGRGGGCGCY	STREME-1	1.0e-004	3:50259176-50259676	14.63	tp	0
1-CCASYAGRGGGCGCY	STREME-1	1.0e-004	1:32405379-32405879	14.59	tp	0
1-CCASYAGRGGGCGCY	STREME-1	1.0e-004	1:109820019-109820519	14.57	tp	0
1-CCASYAGRGGGCGCY	STREME-1	1.0e-004	X:49969111-49969611	14.55	tp	0
1-CCASYAGRGGGCGCY	STREME-1	1.0e-004	16:30086988-30087488	14.55	fp	0
1-CCASYAGRGGGCGCY	STREME-1	1.0e-004	8:98905339-98905839	14.42	tp	0
1-CCASYAGRGGGCGCY	STREME-1	1.0e-004	1:201011952-201012452	14.32	tp	0
1-CCASYAGRGGGCGCY	STREME-1	1.0e-004	16:23814731-23815231	14.31	tp	0
1-CCASYAGRGGGCGCY	STREME-1	1.0e-004	10:80962212-80962712	14.27	tp	0
1-CCASYAGRGGGCGCY	STREME-1	1.0e-004	12:58169599-58170099	14.25	tp	0
1-CCASYAGRGGGCGCY	STREME-1	1.0e-004	X:110087487-110087987	14.22	tp	0
1-CCASYAGRGGGCGCY	STREME-1	1.0e-004	14:74926236-74926736	14.19	tp	0
1-CCASYAGRGGGCGCY	STREME-1	1.0e-004	3:158152146-158152646	14.19	tp	1
1-CCASYAGRGGGCGCY	STREME-1	1.0e-004	17:65713674-65714174	14.18	tp	0
1-CCASYAGRGGGCGCY	STREME-1	1.0e-004	9:33403276-33403776	14.14	tp	0
1-CCASYAGRGGGCGCY	STREME-1	1.0e-004	9:26856348-26856848	14.13	tp	0
1-CCASYAGRGGGCGCY	STREME-1	1.0e-004	20:30482843-30483343	14.08	fp	0
1-CCASYAGRGGGCGCY	STREME-1	1.0e-004	12:124389833-124390333	14.05	tp	0
1-CCASYAGRGGGCGCY	STREME-1	1.0e-004	2:73162041-73162541	13.99	tp	0
1-CCASYAGRGGGCGCY	STREME-1	1.0e-004	1:227636716-227637216	13.96	tp	0
1-CCASYAGRGGGCGCY	STREME-1	1.0e-004	8:22941616-22942116	13.93	tp	0
1-CCASYAGRGGGCGCY	STREME-1	1.0e-004	3:113414761-113415261	13.93	tp	1
1-CCASYAGRGGGCGCY	STREME-1	1.0e-004	4:15397771-15398271	13.79	tp	0
1-CCASYAGRGGGCGCY	STREME-1	1.0e-004	5:56433876-56434376	13.77	tp	0
1-CCASYAGRGGGCGCY	STREME-1	1.0e-004	2:175197290-175197790	13.74	tp	0
1-CCASYAGRGGGCGCY	STREME-1	1.0e-004	22:38503126-38503626	13.72	tp	0
1-CCASYAGRGGGCGCY	STREME-1	1.0e-004	17:21142889-21143389	13.72	tp	0
1-CCASYAGRGGGCGCY	STREME-1	1.0e-004	2:241790547-241791047	13.61	tp	0
1-CCASYAGRGGGCGCY	STREME-1	1.0e-004	1:47993289-47993789	13.46	tp	0
1-CCASYAGRGGGCGCY	STREME-1	1.0e-004	21:47573128-47573628	13.45	tp	1
1-CCASYAGRGGGCGCY	STREME-1	1.0e-004	5:30401555-30402055	13.45	tp	0
1-CCASYAGRGGGCGCY	STREME-1	1.0e-004	2:99806946-99807446	13.41	tp	1
1-CCASYAGRGGGCGCY	STREME-1	1.0e-004	22:39858310-39858810	13.40	tp	0
1-CCASYAGRGGGCGCY	STREME-1	1.0e-004	6:99873629-99874129	13.40	tp	0
1-CCASYAGRGGGCGCY	STREME-1	1.0e-004	10:101244897-101245397	13.38	tp	1
1-CCASYAGRGGGCGCY	STREME-1	1.0e-004	22:20960413-20960913	13.37	tp	0
1-CCASYAGRGGGCGCY	STREME-1	1.0e-004	14:37411366-37411866	13.32	tp	0
1-CCASYAGRGGGCGCY	STREME-1	1.0e-004	12:55118938-55119438	13.32	tp	0
1-CCASYAGRGGGCGCY	STREME-1	1.0e-004	4:74021794-74022294	13.31	tp	0
1-CCASYAGRGGGCGCY	STREME-1	1.0e-004	15:94707396-94707896	13.30	tp	0
1-CCASYAGRGGGCGCY	STREME-1	1.0e-004	18:11732889-11733389	13.29	tp	0
1-CCASYAGRGGGCGCY	STREME-1	1.0e-004	1:149224342-149224842	13.28	tp	1
1-CCASYAGRGGGCGCY	STREME-1	1.0e-004	4:106117853-106118353	13.27	tp	1
1-CCASYAGRGGGCGCY	STREME-1	1.0e-004	22:43742360-43742860	13.26	tp	0
1-CCASYAGRGGGCGCY	STREME-1	1.0e-004	3:72495752-72496252	13.19	fp	0
1-CCASYAGRGGGCGCY	STREME-1	1.0e-004	16:71571518-71572018	13.19	tp	0
1-CCASYAGRGGGCGCY	STREME-1	1.0e-004	17:62503444-62503944	13.19	tp	0
1-CCASYAGRGGGCGCY	STREME-1	1.0e-004	18:3703582-3704082	13.18	tp	0
1-CCASYAGRGGGCGCY	STREME-1	1.0e-004	14:79163659-79164159	13.18	tp	0
1-CCASYAGRGGGCGCY	STREME-1	1.0e-004	1:229650360-229650860	13.17	tp	0
1-CCASYAGRGGGCGCY	STREME-1	1.0e-004	16:3151262-3151762	13.08	tp	0
1-CCASYAGRGGGCGCY	STREME-1	1.0e-004	3:150439011-150439511	13.04	tp	0
1-CCASYAGRGGGCGCY	STREME-1	1.0e-004	11:17374853-17375353	13.03	tp	0
1-CCASYAGRGGGCGCY	STREME-1	1.0e-004	16:84220478-84220978	13.03	tp	0
1-CCASYAGRGGGCGCY	STREME-1	1.0e-004	X:151800894-151801394	13.01	tp	1
1-CCASYAGRGGGCGCY	STREME-1	1.0e-004	6:44280876-44281376	13.00	tp	0
1-CCASYAGRGGGCGCY	STREME-1	1.0e-004	1:6761682-6762182	13.00	tp	0
1-CCASYAGRGGGCGCY	STREME-1	1.0e-004	2:179279290-179279790	12.96	fp	0
1-CCASYAGRGGGCGCY	STREME-1	1.0e-004	11:125792830-125793330	12.95	tp	0
1-CCASYAGRGGGCGCY	STREME-1	1.0e-004	10:72968733-72969233	12.85	tp	0
1-CCASYAGRGGGCGCY	STREME-1	1.0e-004	6:149886629-149887129	12.82	tp	0
1-CCASYAGRGGGCGCY	STREME-1	1.0e-004	10:98590245-98590745	12.81	tp	0
1-CCASYAGRGGGCGCY	STREME-1	1.0e-004	2:242447883-242448383	12.77	fp	0
1-CCASYAGRGGGCGCY	STREME-1	1.0e-004	4:55837731-55838231	12.72	tp	0
1-CCASYAGRGGGCGCY	STREME-1	1.0e-004	7:101151041-101151541	12.71	tp	0
1-CCASYAGRGGGCGCY	STREME-1	1.0e-004	1:1789997-1790497	12.71	tp	0
1-CCASYAGRGGGCGCY	STREME-1	1.0e-004	16:88470184-88470684	12.71	tp	0
1-CCASYAGRGGGCGCY	STREME-1	1.0e-004	4:10551208-10551708	12.70	tp	0
1-CCASYAGRGGGCGCY	STREME-1	1.0e-004	8:40851202-40851702	12.69	fp	0
1-CCASYAGRGGGCGCY	STREME-1	1.0e-004	5:79174465-79174965	12.65	tp	0
1-CCASYAGRGGGCGCY	STREME-1	1.0e-004	2:179279290-179279790	12.58	tp	0
1-CCASYAGRGGGCGCY	STREME-1	1.0e-004	5:139069000-139069500	12.57	tp	0
1-CCASYAGRGGGCGCY	STREME-1	1.0e-004	3:168582669-168583169	12.57	tp	0
1-CCASYAGRGGGCGCY	STREME-1	1.0e-004	20:61603569-61604069	12.53	tp	0
1-CCASYAGRGGGCGCY	STREME-1	1.0e-004	9:131486892-131487392	12.46	tp	0
1-CCASYAGRGGGCGCY	STREME-1	1.0e-004	17:66610036-66610536	12.32	tp	0
1-CCASYAGRGGGCGCY	STREME-1	1.0e-004	1:46907839-46908339	12.28	tp	0
1-CCASYAGRGGGCGCY	STREME-1	1.0e-004	12:56617970-56618470	12.26	tp	0
1-CCASYAGRGGGCGCY	STREME-1	1.0e-004	1:224517839-224518339	12.25	fp	0
1-CCASYAGRGGGCGCY	STREME-1	1.0e-004	17:70721543-70722043	12.20	tp	0
1-CCASYAGRGGGCGCY	STREME-1	1.0e-004	15:70390025-70390525	12.10	tp	0
1-CCASYAGRGGGCGCY	STREME-1	1.0e-004	6:34165410-34165910	12.09	tp	0
1-CCASYAGRGGGCGCY	STREME-1	1.0e-004	22:19619507-19620007	12.05	tp	0
1-CCASYAGRGGGCGCY	STREME-1	1.0e-004	6:118939872-118940372	12.02	tp	0
1-CCASYAGRGGGCGCY	STREME-1	1.0e-004	7:141354232-141354732	12.01	tp	0
1-CCASYAGRGGGCGCY	STREME-1	1.0e-004	18:19191976-19192476	11.97	tp	0
#
2-GCTGAGTCATN	STREME-2	1.1e-004	1:25091868-25092368	18.09	tp	0
2-GCTGAGTCATN	STREME-2	1.1e-004	7:30443005-30443505	18.09	tp	0
2-GCTGAGTCATN	STREME-2	1.1e-004	16:87894088-87894588	18.09	tp	0
2-GCTGAGTCATN	STREME-2	1.1e-004	5:154062315-154062815	18.09	tp	0
2-GCTGAGTCATN	STREME-2	1.1e-004	22:40030759-40031259	18.09	tp	0
2-GCTGAGTCATN	STREME-2	1.1e-004	10:31531755-31532255	18.09	tp	0
2-GCTGAGTCATN	STREME-2	1.1e-004	10:13887834-13888334	18.09	tp	0
2-GCTGAGTCATN	STREME-2	1.1e-004	16:77690850-77691350	18.09	tp	0
2-GCTGAGTCATN	STREME-2	1.1e-004	10:91350044-91350544	18.09	tp	0
2-GCTGAGTCATN	STREME-2	1.1e-004	9:110870941-110871441	18.09	tp	0
2-GCTGAGTCATN	STREME-2	1.1e-004	14:91615649-91616149	18.09	tp	0
2-GCTGAGTCATN	STREME-2	1.1e-004	17:25900845-25901345	18.09	tp	1
2-GCTGAGTCATN	STREME-2	1.1e-004	2:209451181-209451681	17.97	tp	0
2-GCTGAGTCATN	STREME-2	1.1e-004	1:75986395-75986895	17.97	tp	0
2-GCTGAGTCATN	STREME-2	1.1e-004	13:41753718-41754218	17.97	tp	0
2-GCTGAGTCATN	STREME-2	1.1e-004	2:55338812-55339312	17.97	tp	0
2-GCTGAGTCATN	STREME-2	1.1e-004	16:76980729-76981229	17.97	tp	0
2-GCTGAGTCATN	STREME-2	1.1e-004	1:52035373-52035873	17.97	tp	0
2-GCTGAGTCATN	STREME-2	1.1e-004	5:138606814-138607314	17.97	tp	0
2-GCTGAGTCATN	STREME-2	1.1e-004	11:92621814-92622314	17.97	tp	0
2-GCTGAGTCATN	STREME-2	1.1e-004	1:75986406-75986906	17.97	tp	0
2-GCTGAGTCATN	STREME-2	1.1e-004	17:57806659-57807159	17.97	tp	0
2-GCTGAGTCATN	STREME-2	1.1e-004	X:131364968-131365468	17.97	tp	1
2-GCTGAGTCATN	STREME-2	1.1e-004	17:58547046-58547546	17.97	tp	1
2-GCTGAGTCATN	STREME-2	1.1e-004	6:52282382-52282882	17.88	tp	0
2-GCTGAGTCATN	STREME-2	1.1e-004	14:103603239-103603739	17.88	tp	0
2-GCTGAGTCATN	STREME-2	1.1e-004	17:32198637-32199137	17.88	tp	0
2-GCTGAGTCATN	STREME-2	1.1e-004	14:62129137-62129637	17.88	tp	0
2-GCTGAGTCATN	STREME-2	1.1e-004	11:47358760-47359260	17.88	tp	0
2-GCTGAGTCATN	STREME-2	1.1e-004	6:147197348-147197848	17.88	tp	0
2-GCTGAGTCATN	STREME-2	1.1e-004	8:101894133-101894633	17.88	tp	0
2-GCTGAGTCATN	STREME-2	1.1e-004	1:167789114-167789614	17.88	tp	0
2-GCTGAGTCATN	STREME-2	1.1e-004	1:160782968-160783468	17.88	tp	0
2-GCTGAGTCATN	STREME-2	1.1e-004	19:49466959-49467459	17.88	tp	0
2-GCTGAGTCATN	STREME-2	1.1e-004	3:140105505-140106005	17.88	tp	0
2-GCTGAGTCATN	STREME-2	1.1e-004	14:74926236-74926736	17.88	tp	0
2-GCTGAGTCATN	STREME-2	1.1e-004	5:34849296-34849796	17.24	tp	0
2-GCTGAGTCATN	STREME-2	1.1e-004	4:6857656-6858156	17.24	tp	0
2-GCTGAGTCATN	STREME-2	1.1e-004	14:30112507-30113007	17.24	tp	0
2-GCTGAGTCATN	STREME-2	1.1e-004	10:115548346-115548846	17.24	tp	0
2-GCTGAGTCATN	STREME-2	1.1e-004	3:38368965-38369465	17.24	tp	1
2-GCTGAGTCATN	STREME-2	1.1e-004	9:101337931-101338431	17.24	tp	1
2-GCTGAGTCATN	STREME-2	1.1e-004	1:205263639-205264139	16.98	tp	0
2-GCTGAGTCATN	STREME-2	1.1e-004	5:75668357-75668857	16.98	tp	0
2-GCTGAGTCATN	STREME-2	1.1e-004	5:122461572-122462072	16.98	tp	0
2-GCTGAGTCATN	STREME-2	1.1e-004	3:195648112-195648612	16.98	tp	0
2-GCTGAGTCATN	STREME-2	1.1e-004	17:64657391-64657891	16.85	tp	0
2-GCTGAGTCATN	STREME-2	1.1e-004	8:48577531-48578031	16.77	tp	0
2-GCTGAGTCATN	STREME-2	1.1e-004	1:211765502-211766002	16.77	tp	0
2-GCTGAGTCATN	STREME-2	1.1e-004	7:73498773-73499273	16.77	tp	0
2-GCTGAGTCATN	STREME-2	1.1e-004	11:92621814-92622314	16.77	fp	1
2-GCTGAGTCATN	STREME-2	1.1e-004	14:105533596-105534096	16.57	tp	0
2-GCTGAGTCATN	STREME-2	1.1e-004	X:15511178-15511678	16.57	tp	0
2-GCTGAGTCATN	STREME-2	1.1e-004	11:126709292-126709792	16.29	tp	0
2-GCTGAGTCATN	STREME-2	1.1e-004	16:71021211-71021711	16.29	tp	0
2-GCTGAGTCATN	STREME-2	1.1e-004	2:105672008-105672508	16.29	tp	0
2-GCTGAGTCATN	STREME-2	1.1e-004	1:149225474-149225974	16.29	tp	0
2-GCTGAGTCATN	STREME-2	1.1e-004	X:2309804-2310304	16.29	tp	0
2-GCTGAGTCATN	STREME-2	1.1e-004	6:27281792-27282292	16.12	tp	0
2-GCTGAGTCATN	STREME-2	1.1e-004	10:11628194-11628694	16.12	tp	0
2-GCTGAGTCATN	STREME-2	1.1e-004	14:33126253-33126753	16.09	tp	0
2-GCTGAGTCATN	STREME-2	1.1e-004	1:43432709-43433209	16.09	tp	0
2-GCTGAGTCATN	STREME-2	1.1e-004	6:139265517-139266017	16.09	tp	0
2-GCTGAGTCATN	STREME-2	1.1e-004	11:64426714-64427214	16.09	tp	0
2-GCTGAGTCATN	STREME-2	1.1e-004	6:30685199-30685699	16.09	tp	0
2-GCTGAGTCATN	STREME-2	1.1e-004	20:44007399-44007899	16.09	tp	0
2-GCTGAGTCATN	STREME-2	1.1e-004	5:96424944-96425444	16.09	tp	0
2-GCTGAGTCATN	STREME-2	1.1e-004	16:82186134-82186634	15.58	tp	0
2-GCTGAGTCATN	STREME-2	1.1e-004	6:4358752-4359252	15.58	tp	0
2-GCTGAGTCATN	STREME-2	1.1e-004	17:80316786-80317286	15.58	tp	0
2-GCTGAGTCATN	STREME-2	1.1e-004	12:80178108-80178608	15.58	tp	0
2-GCTGAGTCATN	STREME-2	1.1e-004	19:51898596-51899096	15.58	tp	0
2-GCTGAGTCATN	STREME-2	1.1e-004	17:39866822-39867322	15.58	tp	0
2-GCTGAGTCATN	STREME-2	1.1e-004	7:98821948-98822448	15.44	tp	0
2-GCTGAGTCATN	STREME-2	1.1e-004	9:97519259-97519759	15.44	tp	0
2-GCTGAGTCATN	STREME-2	1.1e-004	8:126204036-126204536	15.44	tp	0
2-GCTGAGTCATN	STREME-2	1.1e-004	12:17023715-17024215	15.44	tp	1
2-GCTGAGTCATN	STREME-2	1.1e-004	17:66086003-66086503	15.06	tp	0
2-GCTGAGTCATN	STREME-2	1.1e-004	1:157117546-157118046	14.98	tp	0
2-GCTGAGTCATN	STREME-2	1.1e-004	11:75114090-75114590	14.96	tp	0
2-GCTGAGTCATN	STREME-2	1.1e-004	20:47470395-47470895	14.96	tp	0
2-GCTGAGTCATN	STREME-2	1.1e-004	14:74192426-74192926	14.96	tp	0
2-GCTGAGTCATN	STREME-2	1.1e-004	1:219262232-219262732	14.96	tp	0
2-GCTGAGTCATN	STREME-2	1.1e-004	1:44242025-44242525	14.96	tp	1
2-GCTGAGTCATN	STREME-2	1.1e-004	15:42663295-42663795	14.78	tp	0
2-GCTGAGTCATN	STREME-2	1.1e-004	2:89035357-89035857	14.78	tp	0
2-GCTGAGTCATN	STREME-2	1.1e-004	16:24849971-24850471	14.78	tp	0
2-GCTGAGTCATN	STREME-2	1.1e-004	15:43702988-43703488	14.78	tp	0
2-GCTGAGTCATN	STREME-2	1.1e-004	6:17820158-17820658	14.78	fp	0
2-GCTGAGTCATN	STREME-2	1.1e-004	9:126964731-126965231	14.78	tp	1
2-GCTGAGTCATN	STREME-2	1.1e-004	3:10412100-10412600	14.78	tp	0
2-GCTGAGTCATN	STREME-2	1.1e-004	3:176379367-176379867	14.64	tp	1
2-GCTGAGTCATN	STREME-2	1.1e-004	19:35880265-35880765	14.44	tp	0
2-GCTGAGTCATN	STREME-2	1.1e-004	16:70686178-70686678	14.44	tp	0
2-GCTGAGTCATN	STREME-2	1.1e-004	12:116798611-116799111	14.44	tp	0
2-GCTGAGTCATN	STREME-2	1.1e-004	2:9374794-9375294	14.43	tp	0
2-GCTGAGTCATN	STREME-2	1.1e-004	7:100828359-100828859	14.43	tp	0
2-GCTGAGTCATN	STREME-2	1.1e-004	7:28076835-28077335	14.43	tp	0
2-GCTGAGTCATN	STREME-2	1.1e-004	20:44834639-44835139	14.43	tp	0
2-GCTGAGTCATN	STREME-2	1.1e-004	7:100828365-100828865	14.43	tp	0
2-GCTGAGTCATN	STREME-2	1.1e-004	4:184909135-184909635	14.33	tp	0
2-GCTGAGTCATN	STREME-2	1.1e-004	5:84748294-84748794	14.33	tp	0
2-GCTGAGTCATN	STREME-2	1.1e-004	19:4744736-4745236	14.33	tp	0
2-GCTGAGTCATN	STREME-2	1.1e-004	13:52123139-52123639	14.33	tp	0
2-GCTGAGTCATN	STREME-2	1.1e-004	6:28889764-28890264	14.33	tp	1
2-GCTGAGTCATN	STREME-2	1.1e-004	5:67715394-67715894	14.17	tp	0
2-GCTGAGTCATN	STREME-2	1.1e-004	6:7057745-7058245	14.17	tp	0
2-GCTGAGTCATN	STREME-2	1.1e-004	10:59063275-59063775	14.17	tp	0
2-GCTGAGTCATN	STREME-2	1.1e-004	12:132347470-132347970	14.17	tp	0
2-GCTGAGTCATN	STREME-2	1.1e-004	14:59566867-59567367	14.17	tp	0
2-GCTGAGTCATN	STREME-2	1.1e-004	7:153110933-153111433	14.14	tp	0
2-GCTGAGTCATN	STREME-2	1.1e-004	19:8276628-8277128	14.14	tp	0
2-GCTGAGTCATN	STREME-2	1.1e-004	11:5949492-5949992	14.14	tp	0
2-GCTGAGTCATN	STREME-2	1.1e-004	19:41172241-41172741	13.95	tp	0
2-GCTGAGTCATN	STREME-2	1.1e-004	22:44381364-44381864	13.95	tp	0
2-GCTGAGTCATN	STREME-2	1.1e-004	21:46829695-46830195	13.92	tp	0
2-GCTGAGTCATN	STREME-2	1.1e-004	11:6378355-6378855	13.85	tp	0
2-GCTGAGTCATN	STREME-2	1.1e-004	3:55593637-55594137	13.84	tp	0
2-GCTGAGTCATN	STREME-2	1.1e-004	8:94815405-94815905	13.79	tp	0
2-GCTGAGTCATN	STREME-2	1.1e-004	7:129665741-129666241	13.79	tp	0
2-GCTGAGTCATN	STREME-2	1.1e-004	5:132846241-132846741	13.79	tp	0
2-GCTGAGTCATN	STREME-2	1.1e-004	11:57225406-57225906	13.79	tp	0
2-GCTGAGTCATN	STREME-2	1.1e-004	15:52166786-52167286	13.79	tp	1
2-GCTGAGTCATN	STREME-2	1.1e-004	6:158998488-158998988	13.67	tp	0
2-GCTGAGTCATN	STREME-2	1.1e-004	17:78806822-78807322	13.67	tp	0
2-GCTGAGTCATN	STREME-2	1.1e-004	17:75830510-75831010	13.67	tp	0
2-GCTGAGTCATN	STREME-2	1.1e-004	8:133132539-133133039	13.67	tp	1
2-GCTGAGTCATN	STREME-2	1.1e-004	4:25863058-25863558	13.63	tp	0
2-GCTGAGTCATN	STREME-2	1.1e-004	1:173448746-173449246	13.63	tp	0
2-GCTGAGTCATN	STREME-2	1.1e-004	1:95743639-95744139	13.63	fp	0
2-GCTGAGTCATN	STREME-2	1.1e-004	9:82944847-82945347	13.54	tp	0
2-GCTGAGTCATN	STREME-2	1.1e-004	3:60039199-60039699	13.35	tp	0
2-GCTGAGTCATN	STREME-2	1.1e-004	10:75780899-75781399	13.35	tp	0
2-GCTGAGTCATN	STREME-2	1.1e-004	1:111433185-111433685	13.34	tp	0
2-GCTGAGTCATN	STREME-2	1.1e-004	10:74068204-74068704	13.27	tp	0
2-GCTGAGTCATN	STREME-2	1.1e-004	5:77175695-77176195	13.16	tp	0
2-GCTGAGTCATN	STREME-2	1.1e-004	7:28448469-28448969	13.16	tp	0
2-GCTGAGTCATN	STREME-2	1.1e-004	12:83409917-83410417	13.16	tp	0
2-GCTGAGTCATN	STREME-2	1.1e-004	5:176103245-176103745	13.16	tp	0
2-GCTGAGTCATN	STREME-2	1.1e-004	1:202776964-202777464	13.12	tp	0
2-GCTGAGTCATN	STREME-2	1.1e-004	11:78011104-78011604	13.03	fp	0
2-GCTGAGTCATN	STREME-2	1.1e-004	4:139173652-139174152	12.98	tp	0
2-GCTGAGTCATN	STREME-2	1.1e-004	8:128866654-128867154	12.98	tp	0
2-GCTGAGTCATN	STREME-2	1.1e-004	7:75442969-75443469	12.84	tp	0
2-GCTGAGTCATN	STREME-2	1.1e-004	17:49199050-49199550	12.84	tp	0
2-GCTGAGTCATN	STREME-2	1.1e-004	6:88410377-88410877	12.84	tp	1
2-GCTGAGTCATN	STREME-2	1.1e-004	1:200677848-200678348	12.82	tp	0
2-GCTGAGTCATN	STREME-2	1.1e-004	15:50481771-50482271	12.82	fp	0
2-GCTGAGTCATN	STREME-2	1.1e-004	1:44513875-44514375	12.80	tp	0
2-GCTGAGTCATN	STREME-2	1.1e-004	9:36148636-36149136	12.80	tp	0
2-GCTGAGTCATN	STREME-2	1.1e-004	1:44992378-44992878	12.80	tp	0
2-GCTGAGTCATN	STREME-2	1.1e-004	2:24679474-24679974	12.80	tp	0
2-GCTGAGTCATN	STREME-2	1.1e-004	10:52271475-52271975	12.80	tp	0
2-GCTGAGTCATN	STREME-2	1.1e-004	10:52271475-52271975	12.80	fp	0
2-GCTGAGTCATN	STREME-2	1.1e-004	1:161346746-161347246	12.72	tp	0
2-GCTGAGTCATN	STREME-2	1.1e-004	12:27332714-27333214	12.64	tp	0
2-GCTGAGTCATN	STREME-2	1.1e-004	20:1396577-1397077	12.63	tp	0
2-GCTGAGTCATN	STREME-2	1.1e-004	12:92395886-92396386	12.63	tp	0
2-GCTGAGTCATN	STREME-2	1.1e-004	2:27233578-27234078	12.62	tp	0
2-GCTGAGTCATN	STREME-2	1.1e-004	8:1693552-1694052	12.61	tp	0
2-GCTGAGTCATN	STREME-2	1.1e-004	7:72996330-72996830	12.49	tp	0
2-GCTGAGTCATN	STREME-2	1.1e-004	1:12123112-12123612	12.43	tp	0
2-GCTGAGTCATN	STREME-2	1.1e-004	16:10579568-10580068	12.43	tp	0
2-GCTGAGTCATN	STREME-2	1.1e-004	16:80361583-80362083	12.43	tp	0
2-GCTGAGTCATN	STREME-2	1.1e-004	1:44951264-44951764	12.21	tp	0
2-GCTGAGTCATN	STREME-2	1.1e-004	6:17820158-17820658	12.21	tp	0
2-GCTGAGTCATN	STREME-2	1.1e-004	20:48908995-48909495	12.21	tp	0
2-GCTGAGTCATN	STREME-2	1.1e-004	16:84047268-84047768	12.13	fp	0
2-GCTGAGTCATN	STREME-2	1.1e-004	12:45940247-45940747	12.12	tp	0
2-GCTGAGTCATN	STREME-2	1.1e-004	1:78015762-78016262	12.12	tp	0
2-GCTGAGTCATN	STREME-2	1.1e-004	7:107724316-107724816	12.05	tp	0
2-GCTGAGTCATN	STREME-2	1.1e-004	1:202963853-202964353	12.05	tp	1
2-GCTGAGTCATN	STREME-2	1.1e-004	8:101731369-101731869	11.99	tp	0
2-GCTGAGTCATN	STREME-2	1.1e-004	1:111019684-111020184	11.96	tp	0
2-GCTGAGTCATN	STREME-2	1.1e-004	6:26051787-26052287	11.93	tp	0
2-GCTGAGTCATN	STREME-2	1.1e-004	1:44509833-44510333	11.93	tp	0
2-GCTGAGTCATN	STREME-2	1.1e-004	9:75091836-75092336	11.88	tp	0
2-GCTGAGTCATN	STREME-2	1.1e-004	12:71039553-71040053	11.88	tp	0
2-GCTGAGTCATN	STREME-2	1.1e-004	12:110497909-110498409	11.88	tp	0
2-GCTGAGTCATN	STREME-2	1.1e-004	4:8338144-8338644	11.73	tp	0
2-GCTGAGTCATN	STREME-2	1.1e-004	10:60550859-60551359	11.64	tp	0
2-GCTGAGTCATN	STREME-2	1.1e-004	X:155117780-155118280	11.64	tp	0
2-GCTGAGTCATN	STREME-2	1.1e-004	2:202223313-202223813	11.64	tp	1
2-GCTGAGTCATN	STREME-2	1.1e-004	10:133729911-133730411	11.56	tp	1
2-GCTGAGTCATN	STREME-2	1.1e-004	11:36521932-36522432	11.51	tp	0
2-GCTGAGTCATN	STREME-2	1.1e-004	7:101546109-101546609	11.51	tp	0
2-GCTGAGTCATN	STREME-2	1.1e-004	1:39211098-39211598	11.33	tp	0
2-GCTGAGTCATN	STREME-2	1.1e-004	5:14696101-14696601	11.33	tp	0
#
3-GCGCATGCGCAC	STREME-3	1.8e-003	X:47077839-47078339	20.31	tp	0
3-GCGCATGCGCAC	STREME-3	1.8e-003	19:48613554-48614054	20.31	tp	0
3-GCGCATGCGCAC	STREME-3	1.8e-003	8:58105875-58106375	20.31	tp	0
3-GCGCATGCGCAC	STREME-3	1.8e-003	7:98923215-98923715	20.31	tp	1
3-GCGCATGCGCAC	STREME-3	1.8e-003	15:49170053-49170553	18.49	tp	0
3-GCGCATGCGCAC	STREME-3	1.8e-003	9:140023914-140024414	18.49	tp	0
3-GCGCATGCGCAC	STREME-3	1.8e-003	11:1784991-1785491	18.49	tp	0
3-GCGCATGCGCAC	STREME-3	1.8e-003	5:123985322-123985822	18.49	tp	0
3-GCGCATGCGCAC	STREME-3	1.8e-003	6:136610351-136610851	18.49	tp	0
3-GCGCATGCGCAC	STREME-3	1.8e-003	9:6757843-6758343	18.49	tp	1
3-GCGCATGCGCAC	STREME-3	1.8e-003	19:633346-633846	18.18	tp	0
3-GCGCATGCGCAC	STREME-3	1.8e-003	12:125202974-125203474	18.18	tp	0
3-GCGCATGCGCAC	STREME-3	1.8e-003	5:64331094-64331594	18.18	tp	0
3-GCGCATGCGCAC	STREME-3	1.8e-003	16:3661382-3661882	18.18	tp	0
3-GCGCATGCGCAC	STREME-3	1.8e-003	6:13328576-13329076	18.18	tp	1
3-GCGCATGCGCAC	STREME-3	1.8e-003	7:5085241-5085741	17.62	tp	0
3-GCGCATGCGCAC	STREME-3	1.8e-003	9:140149427-140149927	17.62	tp	0
3-GCGCATGCGCAC	STREME-3	1.8e-003	12:131356123-131356623	17.62	tp	0
3-GCGCATGCGCAC	STREME-3	1.8e-003	17:59494018-59494518	17.23	tp	0
3-GCGCATGCGCAC	STREME-3	1.8e-003	12:124457504-124458004	17.23	tp	0
3-GCGCATGCGCAC	STREME-3	1.8e-003	15:52121578-52122078	17.23	tp	0
3-GCGCATGCGCAC	STREME-3	1.8e-003	20:62151866-62152366	17.23	tp	1
3-GCGCATGCGCAC	STREME-3	1.8e-003	12:69080464-69080964	17.19	tp	0
3-GCGCATGCGCAC	STREME-3	1.8e-003	17:7486857-7487357	16.78	tp	0
3-GCGCATGCGCAC	STREME-3	1.8e-003	19:40030588-40031088	16.64	tp	0
3-GCGCATGCGCAC	STREME-3	1.8e-003	8:74888170-74888670	16.36	tp	0
3-GCGCATGCGCAC	STREME-3	1.8e-003	3:183903547-183904047	16.36	tp	0
3-GCGCATGCGCAC	STREME-3	1.8e-003	5:158689798-158690298	16.36	tp	0
3-GCGCATGCGCAC	STREME-3	1.8e-003	4:15683098-15683598	16.33	tp	0
3-GCGCATGCGCAC	STREME-3	1.8e-003	3:58291954-58292454	16.28	tp	0
3-GCGCATGCGCAC	STREME-3	1.8e-003	9:137029947-137030447	16.28	tp	0
3-GCGCATGCGCAC	STREME-3	1.8e-003	19:1676051-1676551	16.28	tp	0
3-GCGCATGCGCAC	STREME-3	1.8e-003	3:197517888-197518388	16.28	tp	0
3-GCGCATGCGCAC	STREME-3	1.8e-003	19:56111233-56111733	16.26	tp	0
3-GCGCATGCGCAC	STREME-3	1.8e-003	5:218046-218546	16.26	tp	0
3-GCGCATGCGCAC	STREME-3	1.8e-003	19:7745464-7745964	16.26	tp	0
3-GCGCATGCGCAC	STREME-3	1.8e-003	19:46272394-46272894	16.26	tp	0
3-GCGCATGCGCAC	STREME-3	1.8e-003	19:56111282-56111782	16.26	tp	1
3-GCGCATGCGCAC	STREME-3	1.8e-003	6:132834013-132834513	15.98	tp	0
3-GCGCATGCGCAC	STREME-3	1.8e-003	19:4400442-4400942	15.89	tp	0
3-GCGCATGCGCAC	STREME-3	1.8e-003	16:14726401-14726901	15.80	tp	0
3-GCGCATGCGCAC	STREME-3	1.8e-003	9:128023787-128024287	15.80	tp	0
3-GCGCATGCGCAC	STREME-3	1.8e-003	2:172864515-172865015	15.80	tp	0
3-GCGCATGCGCAC	STREME-3	1.8e-003	10:120514520-120515020	15.52	tp	0
3-GCGCATGCGCAC	STREME-3	1.8e-003	X:1510387-1510887	15.38	tp	0
3-GCGCATGCGCAC	STREME-3	1.8e-003	7:6388397-6388897	15.33	tp	0
3-GCGCATGCGCAC	STREME-3	1.8e-003	11:65625144-65625644	15.27	tp	0
3-GCGCATGCGCAC	STREME-3	1.8e-003	9:504187-504687	15.20	tp	0
3-GCGCATGCGCAC	STREME-3	1.8e-003	20:23338814-23339314	14.93	tp	1
3-GCGCATGCGCAC	STREME-3	1.8e-003	7:102004033-102004533	14.90	tp	0
3-GCGCATGCGCAC	STREME-3	1.8e-003	16:29827121-29827621	14.90	tp	0
3-GCGCATGCGCAC	STREME-3	1.8e-003	8:6565506-6566006	14.73	tp	0
3-GCGCATGCGCAC	STREME-3	1.8e-003	19:1568247-1568747	14.69	tp	0
3-GCGCATGCGCAC	STREME-3	1.8e-003	15:49170053-49170553	14.54	fp	0
3-GCGCATGCGCAC	STREME-3	1.8e-003	1:21985737-21986237	14.52	fp	0
3-GCGCATGCGCAC	STREME-3	1.8e-003	14:58711169-58711669	14.48	tp	1
3-GCGCATGCGCAC	STREME-3	1.8e-003	17:40273104-40273604	14.41	tp	0
3-GCGCATGCGCAC	STREME-3	1.8e-003	9:115774272-115774772	14.41	tp	0
3-GCGCATGCGCAC	STREME-3	1.8e-003	10:74114153-74114653	14.41	tp	0
3-GCGCATGCGCAC	STREME-3	1.8e-003	19:31187331-31187831	14.27	tp	0
3-GCGCATGCGCAC	STREME-3	1.8e-003	7:129845003-129845503	14.27	tp	0
3-GCGCATGCGCAC	STREME-3	1.8e-003	19:50373020-50373520	14.17	tp	0
3-GCGCATGCGCAC	STREME-3	1.8e-003	2:118771533-118772033	14.17	tp	0
3-GCGCATGCGCAC	STREME-3	1.8e-003	10:104179260-104179760	14.13	tp	0
3-GCGCATGCGCAC	STREME-3	1.8e-003	19:5827742-5828242	14.13	tp	0
3-GCGCATGCGCAC	STREME-3	1.8e-003	15:49714103-49714603	14.12	tp	0
3-GCGCATGCGCAC	STREME-3	1.8e-003	6:44040965-44041465	14.12	tp	0
3-GCGCATGCGCAC	STREME-3	1.8e-003	15:49714103-49714603	14.12	fp	0
3-GCGCATGCGCAC	STREME-3	1.8e-003	19:17006444-17006944	14.12	tp	1
3-GCGCATGCGCAC	STREME-3	1.8e-003	5:149379932-149380432	14.09	tp	0
3-GCGCATGCGCAC	STREME-3	1.8e-003	1:8021528-8022028	13.95	tp	0
3-GCGCATGCGCAC	STREME-3	1.8e-003	3:185826564-185827064	13.95	tp	0
3-GCGCATGCGCAC	STREME-3	1.8e-003	16:4743461-4743961	13.73	tp	0
3-GCGCATGCGCAC	STREME-3	1.8e-003	10:76870843-76871343	13.69	tp	0
3-GCGCATGCGCAC	STREME-3	1.8e-003	9:111696028-111696528	13.67	tp	1
3-GCGCATGCGCAC	STREME-3	1.8e-003	1:235667759-235668259	13.64	tp	0
3-GCGCATGCGCAC	STREME-3	1.8e-003	16:67514922-67515422	13.57	tp	0
3-GCGCATGCGCAC	STREME-3	1.8e-003	8:145653724-145654224	13.57	tp	0
3-GCGCATGCGCAC	STREME-3	1.8e-003	1:16173869-16174369	13.57	tp	0
3-GCGCATGCGCAC	STREME-3	1.8e-003	19:54662989-54663489	13.57	tp	0
3-GCGCATGCGCAC	STREME-3	1.8e-003	2:242447883-242448383	13.51	tp	0
3-GCGCATGCGCAC	STREME-3	1.8e-003	6:71276400-71276900	13.49	tp	0
3-GCGCATGCGCAC	STREME-3	1.8e-003	17:7738868-7739368	13.49	tp	0
3-GCGCATGCGCAC	STREME-3	1.8e-003	X:152127230-152127730	13.29	tp	0
3-GCGCATGCGCAC	STREME-3	1.8e-003	1:207483183-207483683	13.16	tp	0
#
4-CACTTCCTGKT	STREME-4	5.4e-003	2:73162041-73162541	17.20	tp	0
4-CACTTCCTGKT	STREME-4	5.4e-003	9:37592361-37592861	17.20	tp	0
4-CACTTCCTGKT	STREME-4	5.4e-003	2:200320249-200320749	16.72	tp	0
4-CACTTCCTGKT	STREME-4	5.4e-003	X:2549518-2550018	16.66	tp	0
4-CACTTCCTGKT	STREME-4	5.4e-003	9:100174637-100175137	16.66	tp	0
4-CACTTCCTGKT	STREME-4	5.4e-003	X:100306623-100307123	16.66	tp	1
4-CACTTCCTGKT	STREME-4	5.4e-003	16:27279903-27280403	16.37	tp	0
4-CACTTCCTGKT	STREME-4	5.4e-003	17:27911692-27912192	16.32	tp	0
4-CACTTCCTGKT	STREME-4	5.4e-003	10:64134711-64135211	15.96	tp	0
4-CACTTCCTGKT	STREME-4	5.4e-003	5:71894407-71894907	15.96	tp	0
4-CACTTCCTGKT	STREME-4	5.4e-003	17:41150145-41150645	15.90	tp	0
4-CACTTCCTGKT	STREME-4	5.4e-003	4:10182634-10183134	15.90	tp	0
4-CACTTCCTGKT	STREME-4	5.4e-003	17:45148478-45148978	15.90	tp	0
4-CACTTCCTGKT	STREME-4	5.4e-003	15:85640328-85640828	15.90	tp	0
4-CACTTCCTGKT	STREME-4	5.4e-003	16:83972983-83973483	15.68	tp	0
4-CACTTCCTGKT	STREME-4	5.4e-003	6:112942661-112943161	15.43	tp	0
4-CACTTCCTGKT	STREME-4	5.4e-003	9:136218807-136219307	15.33	tp	0
4-CACTTCCTGKT	STREME-4	5.4e-003	9:136218767-136219267	15.33	tp	1
4-CACTTCCTGKT	STREME-4	5.4e-003	10:73291241-73291741	15.29	tp	0
4-CACTTCCTGKT	STREME-4	5.4e-003	16:30961232-30961732	15.29	tp	0
4-CACTTCCTGKT	STREME-4	5.4e-003	11:118747426-118747926	15.29	tp	0
4-CACTTCCTGKT	STREME-4	5.4e-003	1:219328370-219328870	15.29	tp	0
4-CACTTCCTGKT	STREME-4	5.4e-003	1:155210821-155211321	15.29	tp	0
4-CACTTCCTGKT	STREME-4	5.4e-003	19:52772603-52773103	15.23	tp	0
4-CACTTCCTGKT	STREME-4	5.4e-003	22:22020048-22020548	15.23	tp	0
4-CACTTCCTGKT	STREME-4	5.4e-003	8:27949561-27950061	15.23	tp	0
4-CACTTCCTGKT	STREME-4	5.4e-003	17:35969215-35969715	15.23	tp	1
4-CACTTCCTGKT	STREME-4	5.4e-003	19:1275593-1276093	15.09	tp	0
4-CACTTCCTGKT	STREME-4	5.4e-003	19:11616419-11616919	15.07	tp	0
4-CACTTCCTGKT	STREME-4	5.4e-003	9:33165672-33166172	15.01	tp	0
4-CACTTCCTGKT	STREME-4	5.4e-003	11:111957315-111957815	14.85	tp	0
4-CACTTCCTGKT	STREME-4	5.4e-003	1:36863956-36864456	14.85	tp	0
4-CACTTCCTGKT	STREME-4	5.4e-003	17:43657661-43658161	14.82	tp	0
4-CACTTCCTGKT	STREME-4	5.4e-003	10:121447405-121447905	14.74	tp	0
4-CACTTCCTGKT	STREME-4	5.4e-003	7:106415118-106415618	14.74	tp	0
4-CACTTCCTGKT	STREME-4	5.4e-003	14:68887029-68887529	14.74	tp	0
4-CACTTCCTGKT	STREME-4	5.4e-003	2:146450703-146451203	14.74	fp	0
4-CACTTCCTGKT	STREME-4	5.4e-003	17:55456723-55457223	14.74	tp	1
4-CACTTCCTGKT	STREME-4	5.4e-003	4:109541435-109541935	14.66	tp	0
4-CACTTCCTGKT	STREME-4	5.4e-003	3:186600544-186601044	14.40	tp	0
4-CACTTCCTGKT	STREME-4	5.4e-003	12:8010442-8010942	14.40	tp	0
4-CACTTCCTGKT	STREME-4	5.4e-003	1:17262594-17263094	14.40	tp	0
4-CACTTCCTGKT	STREME-4	5.4e-003	11:117973461-117973961	14.40	fp	1
4-CACTTCCTGKT	STREME-4	5.4e-003	14:105533596-105534096	14.38	tp	0
4-CACTTCCTGKT	STREME-4	5.4e-003	1:5948562-5949062	14.17	tp	0
4-CACTTCCTGKT	STREME-4	5.4e-003	X:155117780-155118280	14.17	tp	0
4-CACTTCCTGKT	STREME-4	5.4e-003	1:45452781-45453281	14.14	tp	0
4-CACTTCCTGKT	STREME-4	5.4e-003	6:36586647-36587147	14.13	tp	0
4-CACTTCCTGKT	STREME-4	5.4e-003	15:45016413-45016913	14.13	tp	0
4-CACTTCCTGKT	STREME-4	5.4e-003	19:8261331-8261831	14.13	tp	0
4-CACTTCCTGKT	STREME-4	5.4e-003	6:97364879-97365379	14.13	tp	0
4-CACTTCCTGKT	STREME-4	5.4e-003	17:42365641-42366141	14.13	fp	0
4-CACTTCCTGKT	STREME-4	5.4e-003	3:15419614-15420114	14.00	tp	0
4-CACTTCCTGKT	STREME-4	5.4e-003	6:33951944-33952444	13.97	tp	0
4-CACTTCCTGKT	STREME-4	5.4e-003	4:123286086-123286586	13.97	tp	0
4-CACTTCCTGKT	STREME-4	5.4e-003	6:12092966-12093466	13.77	tp	0
4-CACTTCCTGKT	STREME-4	5.4e-003	1:160509866-160510366	13.75	tp	0
4-CACTTCCTGKT	STREME-4	5.4e-003	1:160509896-160510396	13.75	tp	1
4-CACTTCCTGKT	STREME-4	5.4e-003	7:105658922-105659422	13.73	tp	0
4-CACTTCCTGKT	STREME-4	5.4e-003	8:10873804-10874304	13.71	tp	0
4-CACTTCCTGKT	STREME-4	5.4e-003	1:205296159-205296659	13.68	tp	0
4-CACTTCCTGKT	STREME-4	5.4e-003	20:2506200-2506700	13.65	tp	0
4-CACTTCCTGKT	STREME-4	5.4e-003	19:56111233-56111733	13.42	fp	0
4-CACTTCCTGKT	STREME-4	5.4e-003	7:98923215-98923715	13.42	tp	1
4-CACTTCCTGKT	STREME-4	5.4e-003	11:111435771-111436271	13.35	tp	1
4-CACTTCCTGKT	STREME-4	5.4e-003	8:125462267-125462767	13.30	tp	0
4-CACTTCCTGKT	STREME-4	5.4e-003	5:95064446-95064946	13.30	tp	0
4-CACTTCCTGKT	STREME-4	5.4e-003	4:109541435-109541935	13.30	fp	0
4-CACTTCCTGKT	STREME-4	5.4e-003	7:99214315-99214815	13.25	tp	0
4-CACTTCCTGKT	STREME-4	5.4e-003	3:156272850-156273350	13.18	tp	0
4-CACTTCCTGKT	STREME-4	5.4e-003	18:45408077-45408577	13.16	tp	0
4-CACTTCCTGKT	STREME-4	5.4e-003	7:44925187-44925687	13.16	fp	0
4-CACTTCCTGKT	STREME-4	5.4e-003	1:14660277-14660777	13.06	fp	0
4-CACTTCCTGKT	STREME-4	5.4e-003	17:80009527-80010027	12.97	tp	0
4-CACTTCCTGKT	STREME-4	5.4e-003	7:102004033-102004533	12.95	tp	0
4-CACTTCCTGKT	STREME-4	5.4e-003	2:102690795-102691295	12.90	tp	0
4-CACTTCCTGKT	STREME-4	5.4e-003	7:75442969-75443469	12.90	tp	0
4-CACTTCCTGKT	STREME-4	5.4e-003	1:68368430-68368930	12.90	tp	0
4-CACTTCCTGKT	STREME-4	5.4e-003	X:129270409-129270909	12.90	fp	0
4-CACTTCCTGKT	STREME-4	5.4e-003	8:62599879-62600379	12.88	tp	0
4-CACTTCCTGKT	STREME-4	5.4e-003	17:72304263-72304763	12.74	tp	0
4-CACTTCCTGKT	STREME-4	5.4e-003	5:14696101-14696601	12.66	tp	0
4-CACTTCCTGKT	STREME-4	5.4e-003	11:120214987-120215487	12.61	tp	1
4-CACTTCCTGKT	STREME-4	5.4e-003	1:207483183-207483683	12.55	tp	0
4-CACTTCCTGKT	STREME-4	5.4e-003	13:25192587-25193087	12.54	tp	0
4-CACTTCCTGKT	STREME-4	5.4e-003	15:41408606-41409106	12.54	tp	0
4-CACTTCCTGKT	STREME-4	5.4e-003	7:102004033-102004533	12.54	fp	0
4-CACTTCCTGKT	STREME-4	5.4e-003	1:116915571-116916071	12.44	tp	1
4-CACTTCCTGKT	STREME-4	5.4e-003	16:2653097-2653597	12.39	tp	1
4-CACTTCCTGKT	STREME-4	5.4e-003	20:32006919-32007419	12.32	tp	0
4-CACTTCCTGKT	STREME-4	5.4e-003	2:9374794-9375294	12.30	tp	0
4-CACTTCCTGKT	STREME-4	5.4e-003	1:109819942-109820442	12.30	tp	0
4-CACTTCCTGKT	STREME-4	5.4e-003	10:33270592-33271092	12.24	tp	0
4-CACTTCCTGKT	STREME-4	5.4e-003	10:43892624-43893124	12.24	tp	0
4-CACTTCCTGKT	STREME-4	5.4e-003	9:19380017-19380517	12.22	tp	0
4-CACTTCCTGKT	STREME-4	5.4e-003	6:139697071-139697571	12.22	tp	0
#
5-AGATAAGG	STREME-5	6.2e-003	3:9457709-9458209	14.66	tp	0
5-AGATAAGG	STREME-5	6.2e-003	18:2854062-2854562	14.66	tp	0
5-AGATAAGG	STREME-5	6.2e-003	7:107652897-107653397	14.66	tp	0
5-AGATAAGG	STREME-5	6.2e-003	4:10346918-10347418	14.66	tp	0
5-AGATAAGG	STREME-5	6.2e-003	11:12171285-12171785	14.66	tp	0
5-AGATAAGG	STREME-5	6.2e-003	8:6920977-6921477	14.66	tp	0
5-AGATAAGG	STREME-5	6.2e-003	17:46555586-46556086	14.66	tp	0
5-AGATAAGG	STREME-5	6.2e-003	X:128920255-128920755	14.66	tp	0
5-AGATAAGG	STREME-5	6.2e-003	7:106960283-106960783	14.66	tp	0
5-AGATAAGG	STREME-5	6.2e-003	20:31253078-31253578	14.66	tp	0
5-AGATAAGG	STREME-5	6.2e-003	4:48483579-48484079	14.66	tp	0
5-AGATAAGG	STREME-5	6.2e-003	19:14138615-14139115	14.66	tp	0
5-AGATAAGG	STREME-5	6.2e-003	6:36586647-36587147	14.66	tp	0
5-AGATAAGG	STREME-5	6.2e-003	5:133434923-133435423	14.66	tp	0
5-AGATAAGG	STREME-5	6.2e-003	11:64656376-64656876	14.66	tp	0
5-AGATAAGG	STREME-5	6.2e-003	7:65904750-65905250	14.66	tp	0
5-AGATAAGG	STREME-5	6.2e-003	2:202914509-202915009	14.66	tp	0
5-AGATAAGG	STREME-5	6.2e-003	X:7050283-7050783	14.66	tp	0
5-AGATAAGG	STREME-5	6.2e-003	11:44992711-44993211	14.66	tp	0
5-AGATAAGG	STREME-5	6.2e-003	17:72304263-72304763	14.66	tp	0
5-AGATAAGG	STREME-5	6.2e-003	7:134324566-134325066	14.66	tp	0
5-AGATAAGG	STREME-5	6.2e-003	4:129708852-129709352	14.66	tp	0
5-AGATAAGG	STREME-5	6.2e-003	12:9787569-9788069	14.66	tp	0
5-AGATAAGG	STREME-5	6.2e-003	17:42365772-42366272	14.66	tp	0
5-AGATAAGG	STREME-5	6.2e-003	2:24680531-24681031	14.66	tp	0
5-AGATAAGG	STREME-5	6.2e-003	1:71141465-71141965	14.66	tp	0
5-AGATAAGG	STREME-5	6.2e-003	19:49165221-49165721	14.66	tp	0
5-AGATAAGG	STREME-5	6.2e-003	6:25926085-25926585	14.66	tp	0
5-AGATAAGG	STREME-5	6.2e-003	7:111262145-111262645	14.66	tp	0
5-AGATAAGG	STREME-5	6.2e-003	3:33133246-33133746	14.66	tp	0
5-AGATAAGG	STREME-5	6.2e-003	19:18854046-18854546	14.66	tp	0
5-AGATAAGG	STREME-5	6.2e-003	7:116516866-116517366	14.66	tp	0
5-AGATAAGG	STREME-5	6.2e-003	17:11811966-11812466	14.66	tp	0
5-AGATAAGG	STREME-5	6.2e-003	7:101546109-101546609	14.66	tp	0
5-AGATAAGG	STREME-5	6.2e-003	2:113770363-113770863	14.66	tp	0
5-AGATAAGG	STREME-5	6.2e-003	2:205299397-205299897	14.66	tp	0
5-AGATAAGG	STREME-5	6.2e-003	3:25879336-25879836	14.66	fp	0
5-AGATAAGG	STREME-5	6.2e-003	19:47539161-47539661	14.66	fp	0
5-AGATAAGG	STREME-5	6.2e-003	1:180689028-180689528	14.66	fp	0
5-AGATAAGG	STREME-5	6.2e-003	X:128920255-128920755	14.66	fp	0
5-AGATAAGG	STREME-5	6.2e-003	11:44992711-44993211	14.66	fp	0
5-AGATAAGG	STREME-5	6.2e-003	2:47232756-47233256	14.66	fp	0
5-AGATAAGG	STREME-5	6.2e-003	19:49659235-49659735	14.66	fp	0
5-AGATAAGG	STREME-5	6.2e-003	22:40832606-40833106	14.66	fp	0
5-AGATAAGG	STREME-5	6.2e-003	6:151182867-151183367	14.66	tp	1
5-AGATAAGG	STREME-5	6.2e-003	7:22740257-22740757	14.66	tp	1
5-AGATAAGG	STREME-5	6.2e-003	13:96129378-96129878	14.66	tp	1
5-AGATAAGG	STREME-5	6.2e-003	3:9687531-9688031	14.66	tp	1
5-AGATAAGG	STREME-5	6.2e-003	3:9457709-9458209	14.66	fp	1
5-AGATAAGG	STREME-5	6.2e-003	12:12280132-12280632	12.91	tp	0
5-AGATAAGG	STREME-5	6.2e-003	7:30800764-30801264	12.91	tp	0
5-AGATAAGG	STREME-5	6.2e-003	X:148598106-148598606	12.91	tp	0
5-AGATAAGG	STREME-5	6.2e-003	22:20877359-20877859	12.91	tp	0
5-AGATAAGG	STREME-5	6.2e-003	2:106825318-106825818	12.91	tp	0
5-AGATAAGG	STREME-5	6.2e-003	1:40523097-40523597	12.91	tp	0
5-AGATAAGG	STREME-5	6.2e-003	20:50157782-50158282	12.91	tp	0
5-AGATAAGG	STREME-5	6.2e-003	19:21311527-21312027	12.91	tp	0
5-AGATAAGG	STREME-5	6.2e-003	22:19140943-19141443	12.91	tp	0
5-AGATAAGG	STREME-5	6.2e-003	3:25879336-25879836	12.91	tp	0
5-AGATAAGG	STREME-5	6.2e-003	1:56982001-56982501	12.91	tp	0
5-AGATAAGG	STREME-5	6.2e-003	10:62073004-62073504	12.91	tp	0
5-AGATAAGG	STREME-5	6.2e-003	X:11412029-11412529	12.91	tp	0
5-AGATAAGG	STREME-5	6.2e-003	1:205296159-205296659	12.91	tp	0
5-AGATAAGG	STREME-5	6.2e-003	1:160509866-160510366	12.91	tp	0
5-AGATAAGG	STREME-5	6.2e-003	7:73998704-73999204	12.91	tp	0
5-AGATAAGG	STREME-5	6.2e-003	17:26313800-26314300	12.91	tp	0
5-AGATAAGG	STREME-5	6.2e-003	7:150904029-150904529	12.91	tp	0
5-AGATAAGG	STREME-5	6.2e-003	3:38028375-38028875	12.91	tp	0
5-AGATAAGG	STREME-5	6.2e-003	9:73100153-73100653	12.91	tp	0
5-AGATAAGG	STREME-5	6.2e-003	5:53621404-53621904	12.91	tp	0
5-AGATAAGG	STREME-5	6.2e-003	10:128327025-128327525	12.91	tp	0
5-AGATAAGG	STREME-5	6.2e-003	4:184316461-184316961	12.91	tp	0
5-AGATAAGG	STREME-5	6.2e-003	7:22206571-22207071	12.91	tp	0
5-AGATAAGG	STREME-5	6.2e-003	1:154856376-154856876	12.91	tp	0
5-AGATAAGG	STREME-5	6.2e-003	1:212434765-212435265	12.91	tp	0
5-AGATAAGG	STREME-5	6.2e-003	2:47232756-47233256	12.91	tp	0
5-AGATAAGG	STREME-5	6.2e-003	10:82173771-82174271	12.91	tp	0
5-AGATAAGG	STREME-5	6.2e-003	3:124397824-124398324	12.91	tp	0
5-AGATAAGG	STREME-5	6.2e-003	7:103484108-103484608	12.91	tp	0
5-AGATAAGG	STREME-5	6.2e-003	7:128423226-128423726	12.91	fp	0
5-AGATAAGG	STREME-5	6.2e-003	12:116634891-116635391	12.91	fp	0
5-AGATAAGG	STREME-5	6.2e-003	9:26856348-26856848	12.91	fp	0
5-AGATAAGG	STREME-5	6.2e-003	6:108528148-108528648	12.91	tp	1
5-AGATAAGG	STREME-5	6.2e-003	21:21630879-21631379	12.42	tp	0
5-AGATAAGG	STREME-5	6.2e-003	2:170766868-170767368	12.42	tp	0
5-AGATAAGG	STREME-5	6.2e-003	8:41680505-41681005	12.42	tp	0
5-AGATAAGG	STREME-5	6.2e-003	1:44513875-44514375	12.42	tp	0
5-AGATAAGG	STREME-5	6.2e-003	4:139694394-139694894	12.42	tp	0
5-AGATAAGG	STREME-5	6.2e-003	4:10182634-10183134	12.42	tp	0
5-AGATAAGG	STREME-5	6.2e-003	19:49659235-49659735	12.42	tp	0
5-AGATAAGG	STREME-5	6.2e-003	1:43988383-43988883	12.42	tp	0
5-AGATAAGG	STREME-5	6.2e-003	1:22233155-22233655	12.42	tp	0
5-AGATAAGG	STREME-5	6.2e-003	15:66070443-66070943	12.42	tp	0
5-AGATAAGG	STREME-5	6.2e-003	8:17123855-17124355	12.42	tp	0
5-AGATAAGG	STREME-5	6.2e-003	16:50459457-50459957	12.42	tp	0
5-AGATAAGG	STREME-5	6.2e-003	11:88153413-88153913	12.42	tp	0
5-AGATAAGG	STREME-5	6.2e-003	8:61993206-61993706	12.42	tp	0
5-AGATAAGG	STREME-5	6.2e-003	1:44992378-44992878	12.42	tp	0
5-AGATAAGG	STREME-5	6.2e-003	12:8010442-8010942	12.42	tp	0
5-AGATAAGG	STREME-5	6.2e-003	3:186928710-186929210	12.42	tp	0
5-AGATAAGG	STREME-5	6.2e-003	2:102952302-102952802	12.42	tp	0
5-AGATAAGG	STREME-5	6.2e-003	18:21828281-21828781	12.42	tp	0
5-AGATAAGG	STREME-5	6.2e-003	20:32006919-32007419	12.42	tp	0
5-AGATAAGG	STREME-5	6.2e-003	11:9010116-9010616	12.42	tp	0
5-AGATAAGG	STREME-5	6.2e-003	7:1462746-1463246	12.42	tp	0
5-AGATAAGG	STREME-5	6.2e-003	2:17899902-17900402	12.42	tp	0
5-AGATAAGG	STREME-5	6.2e-003	4:8254334-8254834	12.42	tp	0
5-AGATAAGG	STREME-5	6.2e-003	1:202045116-202045616	12.42	tp	0
5-AGATAAGG	STREME-5	6.2e-003	3:152377634-152378134	12.42	tp	0
5-AGATAAGG	STREME-5	6.2e-003	17:32747840-32748340	12.42	tp	0
5-AGATAAGG	STREME-5	6.2e-003	2:26539619-26540119	12.42	tp	0
5-AGATAAGG	STREME-5	6.2e-003	7:22206571-22207071	12.42	fp	0
5-AGATAAGG	STREME-5	6.2e-003	7:111262145-111262645	12.42	fp	0
5-AGATAAGG	STREME-5	6.2e-003	8:86851509-86852009	12.42	fp	0
5-AGATAAGG	STREME-5	6.2e-003	19:39881635-39882135	12.42	fp	0
5-AGATAAGG	STREME-5	6.2e-003	4:81174651-81175151	12.42	fp	0
5-AGATAAGG	STREME-5	6.2e-003	1:22233155-22233655	12.42	fp	0
5-AGATAAGG	STREME-5	6.2e-003	10:115613875-115614375	12.42	fp	0
5-AGATAAGG	STREME-5	6.2e-003	1:45296605-45297105	12.42	tp	1
5-AGATAAGG	STREME-5	6.2e-003	17:28530585-28531085	12.42	tp	1
5-AGATAAGG	STREME-5	6.2e-003	8:22743684-22744184	12.42	tp	1
5-AGATAAGG	STREME-5	6.2e-003	2:10670903-10671403	12.42	tp	1
5-AGATAAGG	STREME-5	6.2e-003	6:132834263-132834763	12.01	tp	0
5-AGATAAGG	STREME-5	6.2e-003	X:106411407-106411907	12.01	tp	0
5-AGATAAGG	STREME-5	6.2e-003	12:116634891-116635391	12.01	tp	0
5-AGATAAGG	STREME-5	6.2e-003	5:77175695-77176195	12.01	tp	0
5-AGATAAGG	STREME-5	6.2e-003	6:34165410-34165910	12.01	tp	0
5-AGATAAGG	STREME-5	6.2e-003	11:2799702-2800202	12.01	tp	0
5-AGATAAGG	STREME-5	6.2e-003	2:156682313-156682813	12.01	tp	0
5-AGATAAGG	STREME-5	6.2e-003	5:79374670-79375170	12.01	tp	0
5-AGATAAGG	STREME-5	6.2e-003	4:81174651-81175151	12.01	tp	0
5-AGATAAGG	STREME-5	6.2e-003	2:56179511-56180011	12.01	tp	0
5-AGATAAGG	STREME-5	6.2e-003	10:65198394-65198894	12.01	tp	0
5-AGATAAGG	STREME-5	6.2e-003	21:36345916-36346416	12.01	tp	0
5-AGATAAGG	STREME-5	6.2e-003	5:84748294-84748794	12.01	tp	0
5-AGATAAGG	STREME-5	6.2e-003	5:64382962-64383462	12.01	tp	0
5-AGATAAGG	STREME-5	6.2e-003	1:43290624-43291124	12.01	tp	0
5-AGATAAGG	STREME-5	6.2e-003	2:219262616-219263116	12.01	tp	0
5-AGATAAGG	STREME-5	6.2e-003	5:14326551-14327051	12.01	tp	0
5-AGATAAGG	STREME-5	6.2e-003	7:158215413-158215913	12.01	tp	0
5-AGATAAGG	STREME-5	6.2e-003	9:102858748-102859248	12.01	tp	0
5-AGATAAGG	STREME-5	6.2e-003	2:86416554-86417054	12.01	fp	0
5-AGATAAGG	STREME-5	6.2e-003	8:128748179-128748679	12.01	tp	1
5-AGATAAGG	STREME-5	6.2e-003	2:27230425-27230925	12.01	tp	1
5-AGATAAGG	STREME-5	6.2e-003	3:183060534-183061034	11.33	tp	0
5-AGATAAGG	STREME-5	6.2e-003	12:52221818-52222318	11.33	tp	0
5-AGATAAGG	STREME-5	6.2e-003	6:29520279-29520779	11.33	tp	0
5-AGATAAGG	STREME-5	6.2e-003	16:24849971-24850471	11.33	tp	0
5-AGATAAGG	STREME-5	6.2e-003	2:46771020-46771520	11.33	tp	0
5-AGATAAGG	STREME-5	6.2e-003	7:156741493-156741993	11.33	tp	0
5-AGATAAGG	STREME-5	6.2e-003	11:36126784-36127284	11.33	tp	0
5-AGATAAGG	STREME-5	6.2e-003	2:42552065-42552565	11.33	tp	0
5-AGATAAGG	STREME-5	6.2e-003	1:224517839-224518339	11.33	tp	0
5-AGATAAGG	STREME-5	6.2e-003	6:12092966-12093466	11.33	tp	0
5-AGATAAGG	STREME-5	6.2e-003	7:6475236-6475736	11.33	tp	0
5-AGATAAGG	STREME-5	6.2e-003	5:55544825-55545325	11.33	tp	0
5-AGATAAGG	STREME-5	6.2e-003	14:23790335-23790835	11.33	tp	0
5-AGATAAGG	STREME-5	6.2e-003	16:30456937-30457437	11.33	tp	0
5-AGATAAGG	STREME-5	6.2e-003	4:103266453-103266953	11.33	tp	0
5-AGATAAGG	STREME-5	6.2e-003	7:156741493-156741993	11.33	fp	0
5-AGATAAGG	STREME-5	6.2e-003	6:28758236-28758736	11.33	tp	1
5-AGATAAGG	STREME-5	6.2e-003	3:137905677-137906177	11.32	tp	0
5-AGATAAGG	STREME-5	6.2e-003	17:76754761-76755261	11.32	tp	0
5-AGATAAGG	STREME-5	6.2e-003	4:140364782-140365282	11.32	tp	0
5-AGATAAGG	STREME-5	6.2e-003	16:72106687-72107187	11.32	tp	0
5-AGATAAGG	STREME-5	6.2e-003	5:130500329-130500829	11.32	tp	0
5-AGATAAGG	STREME-5	6.2e-003	6:7975127-7975627	11.32	fp	0
5-AGATAAGG	STREME-5	6.2e-003	5:14699885-14700385	11.32	fp	1
5-AGATAAGG	STREME-5	6.2e-003	1:46763958-46764458	11.13	tp	0
5-AGATAAGG	STREME-5	6.2e-003	19:33162671-33163171	11.13	tp	0
5-AGATAAGG	STREME-5	6.2e-003	2:46567161-46567661	11.13	tp	0
5-AGATAAGG	STREME-5	6.2e-003	4:139173652-139174152	11.13	tp	0
5-AGATAAGG	STREME-5	6.2e-003	16:629029-629529	11.13	tp	0
5-AGATAAGG	STREME-5	6.2e-003	8:108537789-108538289	11.13	tp	0
5-AGATAAGG	STREME-5	6.2e-003	12:93694218-93694718	11.13	tp	0
5-AGATAAGG	STREME-5	6.2e-003	9:102863828-102864328	11.13	tp	0
5-AGATAAGG	STREME-5	6.2e-003	3:33049707-33050207	11.13	tp	0
5-AGATAAGG	STREME-5	6.2e-003	7:132555278-132555778	11.13	tp	0
5-AGATAAGG	STREME-5	6.2e-003	4:106117853-106118353	11.13	fp	0
5-AGATAAGG	STREME-5	6.2e-003	18:2854062-2854562	11.13	fp	0
5-AGATAAGG	STREME-5	6.2e-003	17:46794951-46795451	11.13	fp	0
5-AGATAAGG	STREME-5	6.2e-003	17:75359937-75360437	11.13	fp	0
5-AGATAAGG	STREME-5	6.2e-003	16:86996480-86996980	10.85	tp	0
5-AGATAAGG	STREME-5	6.2e-003	5:132846241-132846741	10.85	tp	0
5-AGATAAGG	STREME-5	6.2e-003	2:210852646-210853146	10.85	tp	0
5-AGATAAGG	STREME-5	6.2e-003	9:128047072-128047572	10.85	tp	0
5-AGATAAGG	STREME-5	6.2e-003	19:14138615-14139115	10.85	fp	0
5-AGATAAGG	STREME-5	6.2e-003	1:200123397-200123897	10.59	tp	0
5-AGATAAGG	STREME-5	6.2e-003	2:145693343-145693843	10.59	tp	0
5-AGATAAGG	STREME-5	6.2e-003	12:48705062-48705562	10.59	tp	0
5-AGATAAGG	STREME-5	6.2e-003	7:75363864-75364364	10.59	tp	0
5-AGATAAGG	STREME-5	6.2e-003	12:72065514-72066014	10.59	tp	0
5-AGATAAGG	STREME-5	6.2e-003	2:28582023-28582523	10.59	tp	0
5-AGATAAGG	STREME-5	6.2e-003	7:129598460-129598960	10.59	tp	0
5-AGATAAGG	STREME-5	6.2e-003	11:47026191-47026691	10.59	tp	0
5-AGATAAGG	STREME-5	6.2e-003	5:71577849-71578349	10.59	tp	0
5-AGATAAGG	STREME-5	6.2e-003	3:129132144-129132644	10.59	tp	0
5-AGATAAGG	STREME-5	6.2e-003	12:72055886-72056386	10.59	tp	0
5-AGATAAGG	STREME-5	6.2e-003	14:68887029-68887529	10.59	fp	0
5-AGATAAGG	STREME-5	6.2e-003	8:125647574-125648074	10.59	fp	0
5-AGATAAGG	STREME-5	6.2e-003	14:33126253-33126753	10.59	fp	0
5-AGATAAGG	STREME-5	6.2e-003	2:112792445-112792945	10.59	fp	0
5-AGATAAGG	STREME-5	6.2e-003	19:10197085-10197585	10.59	fp	0
5-AGATAAGG	STREME-5	6.2e-003	2:46771020-46771520	10.59	fp	0
5-AGATAAGG	STREME-5	6.2e-003	17:21102666-21103166	10.59	fp	0
5-AGATAAGG	STREME-5	6.2e-003	7:132905759-132906259	10.59	tp	0
5-AGATAAGG	STREME-5	6.2e-003	6:25951463-25951963	10.59	tp	0
5-AGATAAGG	STREME-5	6.2e-003	19:31187331-31187831	10.59	tp	0
5-AGATAAGG	STREME-5	6.2e-003	16:84548461-84548961	10.59	tp	0
5-AGATAAGG	STREME-5	6.2e-003	20:36168402-36168902	10.59	tp	0
5-AGATAAGG	STREME-5	6.2e-003	15:63343519-63344019	10.59	tp	0
5-AGATAAGG	STREME-5	6.2e-003	7:138043709-138044209	10.59	tp	0
5-AGATAAGG	STREME-5	6.2e-003	5:140996634-140997134	10.59	tp	0
5-AGATAAGG	STREME-5	6.2e-003	11:74170540-74171040	10.59	tp	0
5-AGATAAGG	STREME-5	6.2e-003	17:28530585-28531085	10.59	fp	0
5-AGATAAGG	STREME-5	6.2e-003	22:23315601-23316101	10.59	fp	0
5-AGATAAGG	STREME-5	6.2e-003	22:40228593-40229093	10.59	fp	0
5-AGATAAGG	STREME-5	6.2e-003	15:100243687-100244187	10.59	tp	1
5-AGATAAGG	STREME-5	6.2e-003	15:52166786-52167286	10.59	tp	1
5-AGATAAGG	STREME-5	6.2e-003	6:161675820-161676320	10.23	tp	0
5-AGATAAGG	STREME-5	6.2e-003	10:52271475-52271975	10.23	tp	0
5-AGATAAGG	STREME-5	6.2e-003	6:27509288-27509788	9.78	tp	0
5-AGATAAGG	STREME-5	6.2e-003	15:50481771-50482271	9.78	tp	0
5-AGATAAGG	STREME-5	6.2e-003	1:151568885-151569385	9.78	tp	0
5-AGATAAGG	STREME-5	6.2e-003	22:19384558-19385058	9.78	tp	0
5-AGATAAGG	STREME-5	6.2e-003	1:203280882-203281382	9.78	tp	0
5-AGATAAGG	STREME-5	6.2e-003	8:125647574-125648074	9.78	tp	0
5-AGATAAGG	STREME-5	6.2e-003	8:98905339-98905839	9.78	tp	0
5-AGATAAGG	STREME-5	6.2e-003	12:50262790-50263290	9.78	tp	0
5-AGATAAGG	STREME-5	6.2e-003	8:106334171-106334671	9.78	tp	0
5-AGATAAGG	STREME-5	6.2e-003	3:46526388-46526888	9.78	tp	0
5-AGATAAGG	STREME-5	6.2e-003	12:13080141-13080641	9.78	tp	0
5-AGATAAGG	STREME-5	6.2e-003	17:42343880-42344380	9.78	tp	0
5-AGATAAGG	STREME-5	6.2e-003	8:69608096-69608596	9.78	fp	0
5-AGATAAGG	STREME-5	6.2e-003	17:45707930-45708430	9.78	fp	0
5-AGATAAGG	STREME-5	6.2e-003	10:75215906-75216406	9.78	fp	0
5-AGATAAGG	STREME-5	6.2e-003	11:88153413-88153913	9.78	fp	0
5-AGATAAGG	STREME-5	6.2e-003	7:107724316-107724816	9.78	fp	0
5-AGATAAGG	STREME-5	6.2e-003	14:55064415-55064915	9.78	fp	0
5-AGATAAGG	STREME-5	6.2e-003	17:35969215-35969715	9.78	tp	1
5-AGATAAGG	STREME-5	6.2e-003	1:161923013-161923513	9.78	tp	1
5-AGATAAGG	STREME-5	6.2e-003	17:61626568-61627068	9.78	tp	1
5-AGATAAGG	STREME-5	6.2e-003	3:46269670-46270170	9.68	tp	0
5-AGATAAGG	STREME-5	6.2e-003	4:6615007-6615507	9.68	tp	0
5-AGATAAGG	STREME-5	6.2e-003	8:128747555-128748055	9.68	tp	0
5-AGATAAGG	STREME-5	6.2e-003	12:116798611-116799111	9.68	tp	0
5-AGATAAGG	STREME-5	6.2e-003	7:99832806-99833306	9.68	tp	0
5-AGATAAGG	STREME-5	6.2e-003	1:41703997-41704497	9.68	tp	0
5-AGATAAGG	STREME-5	6.2e-003	22:19711536-19712036	9.68	tp	0
5-AGATAAGG	STREME-5	6.2e-003	2:145338176-145338676	9.68	tp	0
5-AGATAAGG	STREME-5	6.2e-003	8:28454048-28454548	9.68	tp	0
5-AGATAAGG	STREME-5	6.2e-003	2:196400858-196401358	9.68	fp	0
5-AGATAAGG	STREME-5	6.2e-003	2:9374794-9375294	9.68	fp	0
5-AGATAAGG	STREME-5	6.2e-003	2:53994462-53994962	9.68	fp	0
5-AGATAAGG	STREME-5	6.2e-003	1:44951264-44951764	9.68	fp	0
5-AGATAAGG	STREME-5	6.2e-003	9:126964731-126965231	9.68	tp	1
5-AGATAAGG	STREME-5	6.2e-003	2:55367603-55368103	9.68	fp	1
5-AGATAAGG	STREME-5	6.2e-003	17:76409092-76409592	9.60	tp	0
5-AGATAAGG	STREME-5	6.2e-003	1:25091868-25092368	9.60	tp	0
5-AGATAAGG	STREME-5	6.2e-003	22:27176972-27177472	9.60	tp	0
5-AGATAAGG	STREME-5	6.2e-003	6:20454364-20454864	9.60	tp	0
5-AGATAAGG	STREME-5	6.2e-003	1:44509833-44510333	9.60	tp	0
5-AGATAAGG	STREME-5	6.2e-003	3:46269670-46270170	9.60	fp	0
5-AGATAAGG	STREME-5	6.2e-003	19:31029530-31030030	9.60	fp	0
5-AGATAAGG	STREME-5	6.2e-003	6:106517282-106517782	9.60	fp	0
5-AGATAAGG	STREME-5	6.2e-003	5:40762646-40763146	9.58	tp	0
5-AGATAAGG	STREME-5	6.2e-003	7:135099533-135100033	9.58	tp	0
5-AGATAAGG	STREME-5	6.2e-003	2:239148424-239148924	9.58	tp	0
5-AGATAAGG	STREME-5	6.2e-003	7:70390286-70390786	9.58	tp	0
5-AGATAAGG	STREME-5	6.2e-003	13:90782556-90783056	9.58	tp	0
5-AGATAAGG	STREME-5	6.2e-003	3:183344657-183345157	9.58	tp	0
5-AGATAAGG	STREME-5	6.2e-003	12:72065514-72066014	9.58	fp	0
5-AGATAAGG	STREME-5	6.2e-003	18:21828281-21828781	9.58	fp	0
5-AGATAAGG	STREME-5	6.2e-003	2:217923847-217924347	9.58	fp	0
5-AGATAAGG	STREME-5	6.2e-003	X:11412029-11412529	9.58	fp	0
5-AGATAAGG	STREME-5	6.2e-003	16:22399498-22399998	9.58	fp	0
5-AGATAAGG	STREME-5	6.2e-003	6:31702514-31703014	9.58	fp	0
5-AGATAAGG	STREME-5	6.2e-003	1:224517839-224518339	9.58	fp	0
5-AGATAAGG	STREME-5	6.2e-003	8:41680505-41681005	9.58	fp	1
5-AGATAAGG	STREME-5	6.2e-003	2:85788422-85788922	9.58	fp	1
5-AGATAAGG	STREME-5	6.2e-003	3:150213327-150213827	9.47	tp	0
5-AGATAAGG	STREME-5	6.2e-003	21:43822877-43823377	9.47	tp	0
5-AGATAAGG	STREME-5	6.2e-003	2:86416554-86417054	9.47	tp	0
5-AGATAAGG	STREME-5	6.2e-003	7:132905759-132906259	9.47	fp	0
5-AGATAAGG	STREME-5	6.2e-003	3:79600416-79600916	9.30	tp	0
5-AGATAAGG	STREME-5	6.2e-003	2:11999023-11999523	9.30	tp	0
5-AGATAAGG	STREME-5	6.2e-003	3:41293027-41293527	9.30	tp	0
5-AGATAAGG	STREME-5	6.2e-003	1:14763383-14763883	9.30	tp	0
5-AGATAAGG	STREME-5	6.2e-003	7:28076835-28077335	9.30	tp	0
5-AGATAAGG	STREME-5	6.2e-003	15:96462638-96463138	9.30	tp	0
5-AGATAAGG	STREME-5	6.2e-003	20:49050182-49050682	9.30	tp	0
5-AGATAAGG	STREME-5	6.2e-003	1:111433185-111433685	9.30	tp	0
5-AGATAAGG	STREME-5	6.2e-003	1:12243212-12243712	9.30	tp	0
5-AGATAAGG	STREME-5	6.2e-003	22:22235772-22236272	9.30	tp	0
5-AGATAAGG	STREME-5	6.2e-003	1:75941360-75941860	9.30	tp	0
5-AGATAAGG	STREME-5	6.2e-003	11:69271389-69271889	9.30	tp	0
5-AGATAAGG	STREME-5	6.2e-003	10:75780899-75781399	9.30	tp	0
5-AGATAAGG	STREME-5	6.2e-003	1:206640335-206640835	9.30	tp	0
5-AGATAAGG	STREME-5	6.2e-003	1:45478428-45478928	9.30	tp	0
5-AGATAAGG	STREME-5	6.2e-003	8:25333131-25333631	9.30	tp	0
5-AGATAAGG	STREME-5	6.2e-003	10:98590245-98590745	9.30	fp	0
5-AGATAAGG	STREME-5	6.2e-003	1:14763383-14763883	9.30	fp	0
5-AGATAAGG	STREME-5	6.2e-003	12:31470295-31470795	9.30	fp	0
5-AGATAAGG	STREME-5	6.2e-003	17:17140835-17141335	9.30	fp	0
5-AGATAAGG	STREME-5	6.2e-003	7:73998704-73999204	9.30	fp	0
5-AGATAAGG	STREME-5	6.2e-003	2:44706489-44706989	9.30	fp	0
5-AGATAAGG	STREME-5	6.2e-003	12:93694218-93694718	9.30	fp	0
5-AGATAAGG	STREME-5	6.2e-003	11:95930914-95931414	9.30	tp	1
5-AGATAAGG	STREME-5	6.2e-003	6:53409644-53410144	9.09	fp	0
5-AGATAAGG	STREME-5	6.2e-003	6:35267483-35267983	9.09	fp	0
5-AGATAAGG	STREME-5	6.2e-003	13:90865396-90865896	9.09	tp	0
5-AGATAAGG	STREME-5	6.2e-003	6:147197348-147197848	9.09	tp	0
5-AGATAAGG	STREME-5	6.2e-003	1:216327361-216327861	9.09	tp	0
5-AGATAAGG	STREME-5	6.2e-003	5:40762646-40763146	9.09	fp	0
5-AGATAAGG	STREME-5	6.2e-003	1:117098832-117099332	9.09	tp	1
5-AGATAAGG	STREME-5	6.2e-003	8:8203870-8204370	8.90	tp	0
5-AGATAAGG	STREME-5	6.2e-003	1:59364984-59365484	8.90	tp	0
5-AGATAAGG	STREME-5	6.2e-003	17:25940381-25940881	8.90	tp	0
5-AGATAAGG	STREME-5	6.2e-003	7:106598190-106598690	8.90	tp	0
5-AGATAAGG	STREME-5	6.2e-003	17:75768438-75768938	8.90	tp	0
5-AGATAAGG	STREME-5	6.2e-003	2:38380478-38380978	8.90	tp	0
5-AGATAAGG	STREME-5	6.2e-003	6:136724138-136724638	8.90	tp	0
5-AGATAAGG	STREME-5	6.2e-003	2:178171171-178171671	8.90	tp	0
5-AGATAAGG	STREME-5	6.2e-003	7:117432172-117432672	8.90	tp	0
5-AGATAAGG	STREME-5	6.2e-003	6:6709280-6709780	8.90	fp	0
5-AGATAAGG	STREME-5	6.2e-003	4:10187273-10187773	8.90	fp	0
5-AGATAAGG	STREME-5	6.2e-003	17:75830510-75831010	8.90	fp	0
5-AGATAAGG	STREME-5	6.2e-003	14:101315681-101316181	8.90	fp	0
5-AGATAAGG	STREME-5	6.2e-003	17:6915617-6916117	8.90	fp	0
5-AGATAAGG	STREME-5	6.2e-003	7:139251373-139251873	8.90	tp	1
5-AGATAAGG	STREME-5	6.2e-003	3:113414761-113415261	8.90	tp	1
5-AGATAAGG	STREME-5	6.2e-003	4:159593274-159593774	8.90	fp	1
5-AGATAAGG	STREME-5	6.2e-003	1:206990339-206990839	8.90	fp	1
5-AGATAAGG	STREME-5	6.2e-003	22:19140943-19141443	8.83	fp	0
5-AGATAAGG	STREME-5	6.2e-003	11:12199229-12199729	8.83	fp	0
5-AGATAAGG	STREME-5	6.2e-003	17:64657391-64657891	8.83	fp	0
5-AGATAAGG	STREME-5	6.2e-003	14:55064415-55064915	8.82	tp	0
5-AGATAAGG	STREME-5	6.2e-003	2:113032779-113033279	8.82	tp	0
5-AGATAAGG	STREME-5	6.2e-003	5:154134313-154134813	8.82	tp	0
5-AGATAAGG	STREME-5	6.2e-003	15:56344915-56345415	8.82	tp	0
5-AGATAAGG	STREME-5	6.2e-003	7:135510279-135510779	8.82	tp	0
5-AGATAAGG	STREME-5	6.2e-003	22:22555472-22555972	8.82	tp	0
5-AGATAAGG	STREME-5	6.2e-003	19:8261331-8261831	8.82	tp	0
5-AGATAAGG	STREME-5	6.2e-003	6:26026391-26026891	8.82	tp	0
5-AGATAAGG	STREME-5	6.2e-003	12:80178108-80178608	8.82	tp	0
5-AGATAAGG	STREME-5	6.2e-003	12:110497909-110498409	8.82	tp	0
5-AGATAAGG	STREME-5	6.2e-003	3:156272850-156273350	8.82	tp	0
5-AGATAAGG	STREME-5	6.2e-003	9:99019083-99019583	8.82	tp	0
5-AGATAAGG	STREME-5	6.2e-003	10:115613875-115614375	8.82	tp	0
5-AGATAAGG	STREME-5	6.2e-003	17:27188713-27189213	8.82	tp	0
5-AGATAAGG	STREME-5	6.2e-003	17:1618513-1619013	8.82	tp	0
5-AGATAAGG	STREME-5	6.2e-003	X:7050283-7050783	8.82	fp	0
5-AGATAAGG	STREME-5	6.2e-003	16:71021211-71021711	8.82	fp	0
5-AGATAAGG	STREME-5	6.2e-003	2:192471750-192472250	8.82	fp	0
5-AGATAAGG	STREME-5	6.2e-003	11:44799684-44800184	8.82	fp	0
5-AGATAAGG	STREME-5	6.2e-003	18:19191976-19192476	8.82	fp	0
5-AGATAAGG	STREME-5	6.2e-003	10:70087947-70088447	8.82	fp	0
5-AGATAAGG	STREME-5	6.2e-003	22:47249975-47250475	8.82	tp	1
5-AGATAAGG	STREME-5	6.2e-003	22:22555397-22555897	8.82	tp	1
5-AGATAAGG	STREME-5	6.2e-003	11:32915080-32915580	8.82	fp	1
5-AGATAAGG	STREME-5	6.2e-003	6:31830481-31830981	8.82	fp	1
5-AGATAAGG	STREME-5	6.2e-003	8:112054631-112055131	8.68	tp	0
5-AGATAAGG	STREME-5	6.2e-003	17:66457166-66457666	8.68	tp	0
5-AGATAAGG	STREME-5	6.2e-003	3:43777970-43778470	8.68	tp	0
5-AGATAAGG	STREME-5	6.2e-003	X:49004758-49005258	8.68	tp	0
5-AGATAAGG	STREME-5	6.2e-003	7:116767588-116768088	8.68	tp	0
5-AGATAAGG	STREME-5	6.2e-003	1:202523391-202523891	8.68	tp	0
5-AGATAAGG	STREME-5	6.2e-003	15:45076210-45076710	8.68	tp	0
5-AGATAAGG	STREME-5	6.2e-003	10:33270592-33271092	8.68	tp	0
5-AGATAAGG	STREME-5	6.2e-003	14:101315681-101316181	8.68	tp	0
5-AGATAAGG	STREME-5	6.2e-003	13:75946670-75947170	8.68	tp	0
5-AGATAAGG	STREME-5	6.2e-003	17:72328887-72329387	8.68	tp	0
5-AGATAAGG	STREME-5	6.2e-003	10:79734107-79734607	8.68	tp	0
5-AGATAAGG	STREME-5	6.2e-003	6:47446127-47446627	8.68	tp	0
5-AGATAAGG	STREME-5	6.2e-003	3:182825643-182826143	8.68	tp	0
5-AGATAAGG	STREME-5	6.2e-003	8:61993206-61993706	8.68	fp	0
5-AGATAAGG	STREME-5	6.2e-003	21:36345916-36346416	8.68	fp	0
5-AGATAAGG	STREME-5	6.2e-003	1:2454629-2455129	8.68	fp	0
5-AGATAAGG	STREME-5	6.2e-003	11:97844141-97844641	8.61	tp	0
5-AGATAAGG	STREME-5	6.2e-003	1:174136023-174136523	8.61	tp	0
5-AGATAAGG	STREME-5	6.2e-003	6:155636558-155637058	8.61	tp	0
5-AGATAAGG	STREME-5	6.2e-003	1:205236398-205236898	8.61	tp	1
5-AGATAAGG	STREME-5	6.2e-003	2:98612447-98612947	8.61	fp	1
#
6-CCCCGCCCCCD	STREME-6	9.2e-003	1:877094-877594	15.67	tp	0
6-CCCCGCCCCCD	STREME-6	9.2e-003	22:24181266-24181766	15.67	tp	0
6-CCCCGCCCCCD	STREME-6	9.2e-003	8:61564897-61565397	15.67	tp	0
6-CCCCGCCCCCD	STREME-6	9.2e-003	9:130742578-130743078	15.67	tp	0
6-CCCCGCCCCCD	STREME-6	9.2e-003	6:43737602-43738102	15.67	tp	0
6-CCCCGCCCCCD	STREME-6	9.2e-003	6:35419657-35420157	15.67	tp	0
6-CCCCGCCCCCD	STREME-6	9.2e-003	1:39874205-39874705	15.67	tp	0
6-CCCCGCCCCCD	STREME-6	9.2e-003	19:14116901-14117401	15.67	tp	0
6-CCCCGCCCCCD	STREME-6	9.2e-003	2:217557799-217558299	15.67	tp	0
6-CCCCGCCCCCD	STREME-6	9.2e-003	9:132597390-132597890	15.67	tp	1
6-CCCCGCCCCCD	STREME-6	9.2e-003	19:1249585-1250085	15.33	tp	0
6-CCCCGCCCCCD	STREME-6	9.2e-003	7:135194998-135195498	15.33	tp	0
6-CCCCGCCCCCD	STREME-6	9.2e-003	6:36953742-36954242	15.33	tp	0
6-CCCCGCCCCCD	STREME-6	9.2e-003	20:40247043-40247543	15.33	tp	0
6-CCCCGCCCCCD	STREME-6	9.2e-003	17:27139258-27139758	15.33	tp	0
6-CCCCGCCCCCD	STREME-6	9.2e-003	10:120514520-120515020	15.33	tp	0
6-CCCCGCCCCCD	STREME-6	9.2e-003	11:65153791-65154291	15.33	tp	0
6-CCCCGCCCCCD	STREME-6	9.2e-003	18:60189923-60190423	15.33	tp	0
6-CCCCGCCCCCD	STREME-6	9.2e-003	2:64994908-64995408	15.33	fp	0
6-CCCCGCCCCCD	STREME-6	9.2e-003	22:38966150-38966650	15.33	tp	1
6-CCCCGCCCCCD	STREME-6	9.2e-003	9:34992372-34992872	14.90	tp	0
6-CCCCGCCCCCD	STREME-6	9.2e-003	6:134273958-134274458	14.90	tp	0
6-CCCCGCCCCCD	STREME-6	9.2e-003	6:53412599-53413099	14.90	tp	0
6-CCCCGCCCCCD	STREME-6	9.2e-003	X:9310569-9311069	14.90	tp	1
6-CCCCGCCCCCD	STREME-6	9.2e-003	7:141250859-141251359	14.55	tp	0
6-CCCCGCCCCCD	STREME-6	9.2e-003	2:71558892-71559392	14.55	tp	0
6-CCCCGCCCCCD	STREME-6	9.2e-003	5:132166156-132166656	14.55	tp	0
6-CCCCGCCCCCD	STREME-6	9.2e-003	19:8069806-8070306	14.55	tp	0
6-CCCCGCCCCCD	STREME-6	9.2e-003	9:34628804-34629304	14.55	tp	0
6-CCCCGCCCCCD	STREME-6	9.2e-003	3:126854254-126854754	14.55	tp	0
6-CCCCGCCCCCD	STREME-6	9.2e-003	12:57382022-57382522	14.55	fp	0
6-CCCCGCCCCCD	STREME-6	9.2e-003	15:63481375-63481875	14.42	tp	0
6-CCCCGCCCCCD	STREME-6	9.2e-003	7:65337884-65338384	14.42	tp	0
6-CCCCGCCCCCD	STREME-6	9.2e-003	1:226111805-226112305	14.42	tp	0
6-CCCCGCCCCCD	STREME-6	9.2e-003	1:22263785-22264285	14.42	tp	0
6-CCCCGCCCCCD	STREME-6	9.2e-003	6:43737602-43738102	14.42	fp	1
6-CCCCGCCCCCD	STREME-6	9.2e-003	11:47429766-47430266	14.37	tp	0
6-CCCCGCCCCCD	STREME-6	9.2e-003	6:44213936-44214436	14.20	tp	0
6-CCCCGCCCCCD	STREME-6	9.2e-003	7:6475236-6475736	14.20	tp	0
6-CCCCGCCCCCD	STREME-6	9.2e-003	19:50979295-50979795	14.20	tp	0
6-CCCCGCCCCCD	STREME-6	9.2e-003	22:36783921-36784421	14.20	tp	1
6-CCCCGCCCCCD	STREME-6	9.2e-003	4:151706117-151706617	14.17	tp	0
6-CCCCGCCCCCD	STREME-6	9.2e-003	2:73441515-73442015	14.17	tp	0
6-CCCCGCCCCCD	STREME-6	9.2e-003	12:132628670-132629170	14.17	fp	0
6-CCCCGCCCCCD	STREME-6	9.2e-003	6:31125656-31126156	14.17	fp	0
6-CCCCGCCCCCD	STREME-6	9.2e-003	16:67926892-67927392	14.14	tp	0
6-CCCCGCCCCCD	STREME-6	9.2e-003	11:73087158-73087658	14.14	tp	0
6-CCCCGCCCCCD	STREME-6	9.2e-003	9:101705868-101706368	14.03	fp	0
6-CCCCGCCCCCD	STREME-6	9.2e-003	19:1568247-1568747	13.91	tp	0
6-CCCCGCCCCCD	STREME-6	9.2e-003	4:103266453-103266953	13.91	tp	0
6-CCCCGCCCCCD	STREME-6	9.2e-003	6:154831643-154832143	13.80	tp	0
6-CCCCGCCCCCD	STREME-6	9.2e-003	10:73533115-73533615	13.80	tp	0
6-CCCCGCCCCCD	STREME-6	9.2e-003	6:31125656-31126156	13.78	tp	0
6-CCCCGCCCCCD	STREME-6	9.2e-003	14:55221723-55222223	13.78	tp	0
6-CCCCGCCCCCD	STREME-6	9.2e-003	14:74192426-74192926	13.78	tp	0
6-CCCCGCCCCCD	STREME-6	9.2e-003	16:81110593-81111093	13.78	tp	0
6-CCCCGCCCCCD	STREME-6	9.2e-003	16:53165178-53165678	13.74	tp	0
6-CCCCGCCCCCD	STREME-6	9.2e-003	6:139697071-139697571	13.74	tp	0
6-CCCCGCCCCCD	STREME-6	9.2e-003	9:35828966-35829466	13.74	tp	0
6-CCCCGCCCCCD	STREME-6	9.2e-003	X:47517965-47518465	13.74	tp	0
6-CCCCGCCCCCD	STREME-6	9.2e-003	6:31515249-31515749	13.74	tp	0
6-CCCCGCCCCCD	STREME-6	9.2e-003	14:53619824-53620324	13.74	tp	0
6-CCCCGCCCCCD	STREME-6	9.2e-003	11:61334599-61335099	13.74	tp	0
6-CCCCGCCCCCD	STREME-6	9.2e-003	1:22263785-22264285	13.74	fp	0
6-CCCCGCCCCCD	STREME-6	9.2e-003	20:40247043-40247543	13.74	fp	0
6-CCCCGCCCCCD	STREME-6	9.2e-003	5:1799736-1800236	13.74	fp	0
6-CCCCGCCCCCD	STREME-6	9.2e-003	12:124457504-124458004	13.74	fp	0
6-CCCCGCCCCCD	STREME-6	9.2e-003	15:93447404-93447904	13.74	tp	1
6-CCCCGCCCCCD	STREME-6	9.2e-003	8:131540364-131540864	13.72	tp	0
6-CCCCGCCCCCD	STREME-6	9.2e-003	4:95372799-95373299	13.72	tp	0
6-CCCCGCCCCCD	STREME-6	9.2e-003	6:44011276-44011776	13.72	tp	0
6-CCCCGCCCCCD	STREME-6	9.2e-003	4:109113346-109113846	13.72	tp	0
6-CCCCGCCCCCD	STREME-6	9.2e-003	19:45594657-45595157	13.57	tp	0
6-CCCCGCCCCCD	STREME-6	9.2e-003	19:49122548-49123048	13.57	tp	0
6-CCCCGCCCCCD	STREME-6	9.2e-003	3:124397824-124398324	13.57	tp	0
6-CCCCGCCCCCD	STREME-6	9.2e-003	13:99739717-99740217	13.57	fp	0
6-CCCCGCCCCCD	STREME-6	9.2e-003	22:20067416-20067916	13.57	fp	0
6-CCCCGCCCCCD	STREME-6	9.2e-003	16:31191219-31191719	13.57	tp	1
6-CCCCGCCCCCD	STREME-6	9.2e-003	7:75508125-75508625	13.40	tp	0
6-CCCCGCCCCCD	STREME-6	9.2e-003	1:43312027-43312527	13.40	fp	0
6-CCCCGCCCCCD	STREME-6	9.2e-003	5:118656155-118656655	13.38	tp	0
6-CCCCGCCCCCD	STREME-6	9.2e-003	22:19793831-19794331	13.38	fp	0
6-CCCCGCCCCCD	STREME-6	9.2e-003	6:35419657-35420157	13.38	fp	0
6-CCCCGCCCCCD	STREME-6	9.2e-003	2:48477059-48477559	13.38	fp	0
6-CCCCGCCCCCD	STREME-6	9.2e-003	1:6499955-6500455	13.37	tp	0
6-CCCCGCCCCCD	STREME-6	9.2e-003	10:76870843-76871343	13.16	tp	0
6-CCCCGCCCCCD	STREME-6	9.2e-003	1:218458360-218458860	13.16	tp	0
6-CCCCGCCCCCD	STREME-6	9.2e-003	13:115000049-115000549	13.16	tp	0
6-CCCCGCCCCCD	STREME-6	9.2e-003	17:42402546-42403046	13.16	tp	1
6-CCCCGCCCCCD	STREME-6	9.2e-003	2:217557799-217558299	13.14	fp	0
6-CCCCGCCCCCD	STREME-6	9.2e-003	14:58711169-58711669	13.14	tp	1
6-CCCCGCCCCCD	STREME-6	9.2e-003	3:113414761-113415261	13.12	fp	0
6-CCCCGCCCCCD	STREME-6	9.2e-003	17:38224874-38225374	12.95	tp	0
6-CCCCGCCCCCD	STREME-6	9.2e-003	6:33384946-33385446	12.95	tp	0
6-CCCCGCCCCCD	STREME-6	9.2e-003	8:81083561-81084061	12.95	tp	0
6-CCCCGCCCCCD	STREME-6	9.2e-003	4:99849964-99850464	12.95	tp	0
6-CCCCGCCCCCD	STREME-6	9.2e-003	10:21814154-21814654	12.95	fp	0
6-CCCCGCCCCCD	STREME-6	9.2e-003	6:88410377-88410877	12.95	tp	1
6-CCCCGCCCCCD	STREME-6	9.2e-003	6:31148381-31148881	12.78	tp	0
6-CCCCGCCCCCD	STREME-6	9.2e-003	11:32915080-32915580	12.78	tp	0
6-CCCCGCCCCCD	STREME-6	9.2e-003	6:12009109-12009609	12.78	fp	1
6-CCCCGCCCCCD	STREME-6	9.2e-003	17:44270653-44271153	12.70	tp	0
6-CCCCGCCCCCD	STREME-6	9.2e-003	10:134973332-134973832	12.70	tp	0
6-CCCCGCCCCCD	STREME-6	9.2e-003	19:14116901-14117401	12.70	fp	0
6-CCCCGCCCCCD	STREME-6	9.2e-003	11:35441553-35442053	12.70	tp	1
6-CCCCGCCCCCD	STREME-6	9.2e-003	1:154531075-154531575	12.61	tp	0
6-CCCCGCCCCCD	STREME-6	9.2e-003	19:12035610-12036110	12.61	tp	0
6-CCCCGCCCCCD	STREME-6	9.2e-003	19:10400327-10400827	12.61	tp	0
6-CCCCGCCCCCD	STREME-6	9.2e-003	8:103424936-103425436	12.60	tp	0
6-CCCCGCCCCCD	STREME-6	9.2e-003	3:126854254-126854754	12.60	fp	0
6-CCCCGCCCCCD	STREME-6	9.2e-003	3:10283948-10284448	12.60	fp	0
6-CCCCGCCCCCD	STREME-6	9.2e-003	1:26745474-26745974	12.56	tp	0
6-CCCCGCCCCCD	STREME-6	9.2e-003	9:96928682-96929182	12.51	tp	0
6-CCCCGCCCCCD	STREME-6	9.2e-003	3:134204576-134205076	12.51	tp	0
6-CCCCGCCCCCD	STREME-6	9.2e-003	22:39268164-39268664	12.51	tp	0
6-CCCCGCCCCCD	STREME-6	9.2e-003	12:1639403-1639903	12.51	fp	0
6-CCCCGCCCCCD	STREME-6	9.2e-003	5:162864397-162864897	12.51	fp	0
6-CCCCGCCCCCD	STREME-6	9.2e-003	1:154531075-154531575	12.51	fp	0
6-CCCCGCCCCCD	STREME-6	9.2e-003	5:172753974-172754474	12.51	tp	1
6-CCCCGCCCCCD	STREME-6	9.2e-003	22:39715537-39716037	12.50	tp	0
6-CCCCGCCCCCD	STREME-6	9.2e-003	22:39715609-39716109	12.50	tp	0
6-CCCCGCCCCCD	STREME-6	9.2e-003	1:116915571-116916071	12.49	tp	1
6-CCCCGCCCCCD	STREME-6	9.2e-003	8:102138854-102139354	12.47	fp	1
6-CCCCGCCCCCD	STREME-6	9.2e-003	1:92351622-92352122	12.44	tp	0
6-CCCCGCCCCCD	STREME-6	9.2e-003	X:15511178-15511678	12.44	tp	0
6-CCCCGCCCCCD	STREME-6	9.2e-003	7:132937495-132937995	12.44	tp	0
6-CCCCGCCCCCD	STREME-6	9.2e-003	6:96969417-96969917	12.41	tp	0
6-CCCCGCCCCCD	STREME-6	9.2e-003	9:94123926-94124426	12.41	tp	0
6-CCCCGCCCCCD	STREME-6	9.2e-003	14:89291028-89291528	12.40	tp	0
6-CCCCGCCCCCD	STREME-6	9.2e-003	17:1394896-1395396	12.40	tp	0
6-CCCCGCCCCCD	STREME-6	9.2e-003	15:58357650-58358150	12.40	fp	0
6-CCCCGCCCCCD	STREME-6	9.2e-003	1:147400215-147400715	12.40	tp	1
6-CCCCGCCCCCD	STREME-6	9.2e-003	19:54975719-54976219	12.40	tp	1
6-CCCCGCCCCCD	STREME-6	9.2e-003	17:65241141-65241641	12.35	tp	0
6-CCCCGCCCCCD	STREME-6	9.2e-003	15:38544490-38544990	12.35	tp	0
6-CCCCGCCCCCD	STREME-6	9.2e-003	3:135914575-135915075	12.35	tp	0
6-CCCCGCCCCCD	STREME-6	9.2e-003	1:16173909-16174409	12.28	fp	0
6-CCCCGCCCCCD	STREME-6	9.2e-003	1:227636716-227637216	12.25	fp	0
6-CCCCGCCCCCD	STREME-6	9.2e-003	6:33995344-33995844	12.22	tp	0
6-CCCCGCCCCCD	STREME-6	9.2e-003	1:161346746-161347246	12.21	tp	0
6-CCCCGCCCCCD	STREME-6	9.2e-003	1:180689028-180689528	12.20	tp	0
6-CCCCGCCCCCD	STREME-6	9.2e-003	12:56617970-56618470	12.19	fp	0
6-CCCCGCCCCCD	STREME-6	9.2e-003	17:4883828-4884328	12.17	tp	0
6-CCCCGCCCCCD	STREME-6	9.2e-003	12:53886566-53887066	12.17	tp	0
6-CCCCGCCCCCD	STREME-6	9.2e-003	12:48431133-48431633	12.17	tp	0
6-CCCCGCCCCCD	STREME-6	9.2e-003	8:143808341-143808841	12.17	tp	0
6-CCCCGCCCCCD	STREME-6	9.2e-003	9:98638053-98638553	12.17	tp	0
6-CCCCGCCCCCD	STREME-6	9.2e-003	10:74114153-74114653	12.17	tp	0
6-CCCCGCCCCCD	STREME-6	9.2e-003	17:37557722-37558222	12.17	tp	0
6-CCCCGCCCCCD	STREME-6	9.2e-003	9:92219522-92220022	12.17	fp	0
6-CCCCGCCCCCD	STREME-6	9.2e-003	8:98905339-98905839	12.17	fp	0
6-CCCCGCCCCCD	STREME-6	9.2e-003	8:26148672-26149172	12.17	tp	1
6-CCCCGCCCCCD	STREME-6	9.2e-003	8:128746125-128746625	12.06	tp	0
6-CCCCGCCCCCD	STREME-6	9.2e-003	10:65198394-65198894	12.06	tp	0
6-CCCCGCCCCCD	STREME-6	9.2e-003	5:14326551-14327051	12.06	tp	0
6-CCCCGCCCCCD	STREME-6	9.2e-003	19:50832555-50833055	12.06	fp	0
6-CCCCGCCCCCD	STREME-6	9.2e-003	1:149224342-149224842	12.04	tp	1
6-CCCCGCCCCCD	STREME-6	9.2e-003	10:104180525-104181025	12.04	tp	0
6-CCCCGCCCCCD	STREME-6	9.2e-003	14:99654886-99655386	12.03	fp	0
6-CCCCGCCCCCD	STREME-6	9.2e-003	8:48873167-48873667	12.03	fp	1
6-CCCCGCCCCCD	STREME-6	9.2e-003	5:172410500-172411000	11.97	tp	0
6-CCCCGCCCCCD	STREME-6	9.2e-003	19:17358599-17359099	11.97	tp	0
6-CCCCGCCCCCD	STREME-6	9.2e-003	1:28585701-28586201	11.97	tp	0
6-CCCCGCCCCCD	STREME-6	9.2e-003	15:38544490-38544990	11.97	fp	0
6-CCCCGCCCCCD	STREME-6	9.2e-003	16:8162507-8163007	11.97	tp	1
6-CCCCGCCCCCD	STREME-6	9.2e-003	4:680791-681291	11.96	fp	0
6-CCCCGCCCCCD	STREME-6	9.2e-003	7:129709915-129710415	11.94	tp	0
6-CCCCGCCCCCD	STREME-6	9.2e-003	15:59063473-59063973	11.93	tp	0
6-CCCCGCCCCCD	STREME-6	9.2e-003	9:100174637-100175137	11.93	tp	0
6-CCCCGCCCCCD	STREME-6	9.2e-003	12:80328101-80328601	11.93	tp	0
6-CCCCGCCCCCD	STREME-6	9.2e-003	19:10400327-10400827	11.93	fp	0
6-CCCCGCCCCCD	STREME-6	9.2e-003	16:84149981-84150481	11.86	tp	0
6-CCCCGCCCCCD	STREME-6	9.2e-003	1:111506373-111506873	11.85	tp	0
6-CCCCGCCCCCD	STREME-6	9.2e-003	16:67514922-67515422	11.85	tp	0
6-CCCCGCCCCCD	STREME-6	9.2e-003	3:98620370-98620870	11.85	tp	0
6-CCCCGCCCCCD	STREME-6	9.2e-003	17:6915617-6916117	11.85	tp	0
6-CCCCGCCCCCD	STREME-6	9.2e-003	7:150759293-150759793	11.85	tp	0
6-CCCCGCCCCCD	STREME-6	9.2e-003	5:154134313-154134813	11.85	fp	0
6-CCCCGCCCCCD	STREME-6	9.2e-003	19:8261331-8261831	11.85	tp	0
6-CCCCGCCCCCD	STREME-6	9.2e-003	12:110497909-110498409	11.83	tp	0
6-CCCCGCCCCCD	STREME-6	9.2e-003	20:352372-352872	11.79	tp	0
6-CCCCGCCCCCD	STREME-6	9.2e-003	17:79071614-79072114	11.79	tp	0
6-CCCCGCCCCCD	STREME-6	9.2e-003	22:19793831-19794331	11.79	tp	0
6-CCCCGCCCCCD	STREME-6	9.2e-003	16:89768209-89768709	11.79	tp	0
6-CCCCGCCCCCD	STREME-6	9.2e-003	16:53089407-53089907	11.79	tp	0
6-CCCCGCCCCCD	STREME-6	9.2e-003	14:53619702-53620202	11.74	tp	0
6-CCCCGCCCCCD	STREME-6	9.2e-003	1:205263639-205264139	11.74	tp	0
6-CCCCGCCCCCD	STREME-6	9.2e-003	15:45016413-45016913	11.74	tp	0
6-CCCCGCCCCCD	STREME-6	9.2e-003	1:43988383-43988883	11.74	tp	0
6-CCCCGCCCCCD	STREME-6	9.2e-003	X:109472936-109473436	11.74	tp	0
6-CCCCGCCCCCD	STREME-6	9.2e-003	11:66335866-66336366	11.74	fp	0
6-CCCCGCCCCCD	STREME-6	9.2e-003	3:178979010-178979510	11.74	tp	0
6-CCCCGCCCCCD	STREME-6	9.2e-003	11:66080083-66080583	11.74	tp	0
6-CCCCGCCCCCD	STREME-6	9.2e-003	7:6388397-6388897	11.74	tp	0
6-CCCCGCCCCCD	STREME-6	9.2e-003	17:74349895-74350395	11.74	tp	0
6-CCCCGCCCCCD	STREME-6	9.2e-003	11:75236864-75237364	11.74	tp	0
6-CCCCGCCCCCD	STREME-6	9.2e-003	7:150759293-150759793	11.74	fp	0
6-CCCCGCCCCCD	STREME-6	9.2e-003	2:60983137-60983637	11.74	tp	1
6-CCCCGCCCCCD	STREME-6	9.2e-003	19:50168872-50169372	11.73	tp	0
6-CCCCGCCCCCD	STREME-6	9.2e-003	11:1784991-1785491	11.72	tp	0
6-CCCCGCCCCCD	STREME-6	9.2e-003	9:77702939-77703439	11.72	tp	0
6-CCCCGCCCCCD	STREME-6	9.2e-003	2:132249763-132250263	11.72	tp	0
6-CCCCGCCCCCD	STREME-6	9.2e-003	17:80009527-80010027	11.72	tp	0
6-CCCCGCCCCCD	STREME-6	9.2e-003	5:130500329-130500829	11.72	fp	0
6-CCCCGCCCCCD	STREME-6	9.2e-003	16:89058715-89059215	11.68	tp	0
6-CCCCGCCCCCD	STREME-6	9.2e-003	11:75525839-75526339	11.64	tp	0
6-CCCCGCCCCCD	STREME-6	9.2e-003	7:127225461-127225961	11.64	tp	0
6-CCCCGCCCCCD	STREME-6	9.2e-003	7:150755072-150755572	11.64	tp	0
6-CCCCGCCCCCD	STREME-6	9.2e-003	8:6565506-6566006	11.64	fp	1
6-CCCCGCCCCCD	STREME-6	9.2e-003	9:130742578-130743078	11.63	fp	0
6-CCCCGCCCCCD	STREME-6	9.2e-003	1:109819942-109820442	11.62	tp	0
6-CCCCGCCCCCD	STREME-6	9.2e-003	8:81083561-81084061	11.62	fp	1
6-CCCCGCCCCCD	STREME-6	9.2e-003	1:155107968-155108468	11.61	fp	0
6-CCCCGCCCCCD	STREME-6	9.2e-003	6:26171935-26172435	11.45	tp	0
6-CCCCGCCCCCD	STREME-6	9.2e-003	2:239148424-239148924	11.43	tp	0
6-CCCCGCCCCCD	STREME-6	9.2e-003	16:14726401-14726901	11.43	tp	0
6-CCCCGCCCCCD	STREME-6	9.2e-003	11:63953410-63953910	11.43	tp	1
6-CCCCGCCCCCD	STREME-6	9.2e-003	1:236445117-236445617	11.43	tp	0
6-CCCCGCCCCCD	STREME-6	9.2e-003	1:55181227-55181727	11.43	tp	0
6-CCCCGCCCCCD	STREME-6	9.2e-003	21:40159245-40159745	11.42	tp	0
6-CCCCGCCCCCD	STREME-6	9.2e-003	5:78810092-78810592	11.39	fp	0
6-CCCCGCCCCCD	STREME-6	9.2e-003	11:66277878-66278378	11.39	tp	0
6-CCCCGCCCCCD	STREME-6	9.2e-003	18:9708038-9708538	11.39	fp	0
6-CCCCGCCCCCD	STREME-6	9.2e-003	1:235667759-235668259	11.39	fp	1
6-CCCCGCCCCCD	STREME-6	9.2e-003	18:2854062-2854562	11.38	tp	0
6-CCCCGCCCCCD	STREME-6	9.2e-003	12:64798607-64799107	11.38	tp	0
6-CCCCGCCCCCD	STREME-6	9.2e-003	10:81159081-81159581	11.38	tp	0
6-CCCCGCCCCCD	STREME-6	9.2e-003	16:2014523-2015023	11.34	tp	0
6-CCCCGCCCCCD	STREME-6	9.2e-003	20:50157782-50158282	11.26	tp	0
6-CCCCGCCCCCD	STREME-6	9.2e-003	2:102952302-102952802	11.26	tp	0
6-CCCCGCCCCCD	STREME-6	9.2e-003	2:65662733-65663233	11.22	tp	0
6-CCCCGCCCCCD	STREME-6	9.2e-003	16:83972983-83973483	11.22	tp	0
6-CCCCGCCCCCD	STREME-6	9.2e-003	11:12525411-12525911	11.19	tp	0
6-CCCCGCCCCCD	STREME-6	9.2e-003	19:38903515-38904015	11.19	tp	1
6-CCCCGCCCCCD	STREME-6	9.2e-003	17:62502107-62502607	11.16	tp	0
6-CCCCGCCCCCD	STREME-6	9.2e-003	19:46580660-46581160	11.16	tp	0
6-CCCCGCCCCCD	STREME-6	9.2e-003	22:22020048-22020548	11.16	fp	0
6-CCCCGCCCCCD	STREME-6	9.2e-003	9:37592361-37592861	11.16	fp	0
6-CCCCGCCCCCD	STREME-6	9.2e-003	12:133022521-133023021	11.16	fp	0
6-CCCCGCCCCCD	STREME-6	9.2e-003	1:16173869-16174369	11.08	fp	0
6-CCCCGCCCCCD	STREME-6	9.2e-003	1:204435020-204435520	11.04	tp	0
6-CCCCGCCCCCD	STREME-6	9.2e-003	6:47446127-47446627	11.04	tp	0
6-CCCCGCCCCCD	STREME-6	9.2e-003	1:225668527-225669027	11.04	fp	0
6-CCCCGCCCCCD	STREME-6	9.2e-003	16:22006142-22006642	10.99	tp	0
6-CCCCGCCCCCD	STREME-6	9.2e-003	1:202779666-202780166	10.99	tp	0
6-CCCCGCCCCCD	STREME-6	9.2e-003	19:7745464-7745964	10.99	tp	0
6-CCCCGCCCCCD	STREME-6	9.2e-003	3:72495752-72496252	10.99	fp	0
6-CCCCGCCCCCD	STREME-6	9.2e-003	19:1275593-1276093	10.96	fp	1
6-CCCCGCCCCCD	STREME-6	9.2e-003	3:112738221-112738721	10.95	tp	0
6-CCCCGCCCCCD	STREME-6	9.2e-003	3:194054135-194054635	10.95	fp	0
6-CCCCGCCCCCD	STREME-6	9.2e-003	17:45608128-45608628	10.95	fp	0
6-CCCCGCCCCCD	STREME-6	9.2e-003	6:132834013-132834513	10.94	fp	0
6-CCCCGCCCCCD	STREME-6	9.2e-003	2:120301661-120302161	10.93	tp	0
6-CCCCGCCCCCD	STREME-6	9.2e-003	17:78965337-78965837	10.93	tp	0
6-CCCCGCCCCCD	STREME-6	9.2e-003	11:62283074-62283574	10.92	tp	0
6-CCCCGCCCCCD	STREME-6	9.2e-003	6:42946725-42947225	10.90	tp	0
6-CCCCGCCCCCD	STREME-6	9.2e-003	8:128748179-128748679	10.90	fp	0
6-CCCCGCCCCCD	STREME-6	9.2e-003	4:109113346-109113846	10.90	fp	0
6-CCCCGCCCCCD	STREME-6	9.2e-003	16:3314329-3314829	10.90	fp	0
6-CCCCGCCCCCD	STREME-6	9.2e-003	12:104026269-104026769	10.85	tp	0
6-CCCCGCCCCCD	STREME-6	9.2e-003	22:46646014-46646514	10.85	tp	0
6-CCCCGCCCCCD	STREME-6	9.2e-003	16:84220478-84220978	10.85	tp	0
6-CCCCGCCCCCD	STREME-6	9.2e-003	21:30365027-30365527	10.85	tp	1
6-CCCCGCCCCCD	STREME-6	9.2e-003	8:145653724-145654224	10.83	tp	0
6-CCCCGCCCCCD	STREME-6	9.2e-003	1:174992385-174992885	10.83	tp	0
6-CCCCGCCCCCD	STREME-6	9.2e-003	19:1690737-1691237	10.83	tp	0
6-CCCCGCCCCCD	STREME-6	9.2e-003	19:50832555-50833055	10.83	tp	0
6-CCCCGCCCCCD	STREME-6	9.2e-003	4:68566693-68567193	10.83	fp	0
6-CCCCGCCCCCD	STREME-6	9.2e-003	6:26171935-26172435	10.82	fp	0
6-CCCCGCCCCCD	STREME-6	9.2e-003	10:69644155-69644655	10.81	fp	0
6-CCCCGCCCCCD	STREME-6	9.2e-003	21:38738688-38739188	10.81	tp	0
6-CCCCGCCCCCD	STREME-6	9.2e-003	7:1209440-1209940	10.81	fp	0
6-CCCCGCCCCCD	STREME-6	9.2e-003	11:46742735-46743235	10.81	fp	0
6-CCCCGCCCCCD	STREME-6	9.2e-003	21:47573128-47573628	10.81	tp	1
6-CCCCGCCCCCD	STREME-6	9.2e-003	1:231120470-231120970	10.81	tp	1
6-CCCCGCCCCCD	STREME-6	9.2e-003	5:34929415-34929915	10.76	fp	0
6-CCCCGCCCCCD	STREME-6	9.2e-003	17:30263622-30264122	10.76	tp	0
6-CCCCGCCCCCD	STREME-6	9.2e-003	9:101705868-101706368	10.75	tp	0
6-CCCCGCCCCCD	STREME-6	9.2e-003	22:38966150-38966650	10.75	fp	0
6-CCCCGCCCCCD	STREME-6	9.2e-003	19:50836347-50836847	10.75	tp	0
6-CCCCGCCCCCD	STREME-6	9.2e-003	17:40825545-40826045	10.75	tp	0
6-CCCCGCCCCCD	STREME-6	9.2e-003	1:92351622-92352122	10.75	fp	0
6-CCCCGCCCCCD	STREME-6	9.2e-003	5:39158164-39158664	10.75	fp	0
6-CCCCGCCCCCD	STREME-6	9.2e-003	17:37557722-37558222	10.75	fp	1
6-CCCCGCCCCCD	STREME-6	9.2e-003	5:133561558-133562058	10.74	tp	0
6-CCCCGCCCCCD	STREME-6	9.2e-003	5:133702631-133703131	10.74	tp	0
6-CCCCGCCCCCD	STREME-6	9.2e-003	2:118771533-118772033	10.69	fp	0
6-CCCCGCCCCCD	STREME-6	9.2e-003	4:3939561-3940061	10.68	tp	0
6-CCCCGCCCCCD	STREME-6	9.2e-003	10:135075231-135075731	10.68	tp	0
6-CCCCGCCCCCD	STREME-6	9.2e-003	17:40729529-40730029	10.67	tp	0
6-CCCCGCCCCCD	STREME-6	9.2e-003	16:4743461-4743961	10.67	tp	0
6-CCCCGCCCCCD	STREME-6	9.2e-003	1:21985737-21986237	10.67	fp	0
6-CCCCGCCCCCD	STREME-6	9.2e-003	10:73533115-73533615	10.67	fp	0
6-CCCCGCCCCCD	STREME-6	9.2e-003	8:48873167-48873667	10.64	tp	0
6-CCCCGCCCCCD	STREME-6	9.2e-003	19:16940314-16940814	10.64	tp	0
6-CCCCGCCCCCD	STREME-6	9.2e-003	7:150778822-150779322	10.64	tp	0
6-CCCCGCCCCCD	STREME-6	9.2e-003	12:69080464-69080964	10.63	tp	0
6-CCCCGCCCCCD	STREME-6	9.2e-003	12:116798611-116799111	10.61	tp	0
6-CCCCGCCCCCD	STREME-6	9.2e-003	1:202776964-202777464	10.61	tp	0
6-CCCCGCCCCCD	STREME-6	9.2e-003	21:43822877-43823377	10.61	tp	0
6-CCCCGCCCCCD	STREME-6	9.2e-003	4:95372799-95373299	10.61	fp	0
6-CCCCGCCCCCD	STREME-6	9.2e-003	16:57709835-57710335	10.61	fp	0
6-CCCCGCCCCCD	STREME-6	9.2e-003	19:11646864-11647364	10.61	tp	0
6-CCCCGCCCCCD	STREME-6	9.2e-003	2:178548003-178548503	10.61	fp	0
6-CCCCGCCCCCD	STREME-6	9.2e-003	19:5622554-5623054	10.59	tp	0
6-CCCCGCCCCCD	STREME-6	9.2e-003	17:45608128-45608628	10.59	tp	0
6-CCCCGCCCCCD	STREME-6	9.2e-003	19:55850413-55850913	10.59	tp	1
6-CCCCGCCCCCD	STREME-6	9.2e-003	15:65425830-65426330	10.59	tp	1
6-CCCCGCCCCCD	STREME-6	9.2e-003	4:123286086-123286586	10.57	tp	0
6-CCCCGCCCCCD	STREME-6	9.2e-003	2:148778420-148778920	10.57	tp	0
6-CCCCGCCCCCD	STREME-6	9.2e-003	6:42946725-42947225	10.57	fp	0
6-CCCCGCCCCCD	STREME-6	9.2e-003	9:96928682-96929182	10.57	fp	0
6-CCCCGCCCCCD	STREME-6	9.2e-003	16:53089407-53089907	10.57	fp	1
6-CCCCGCCCCCD	STREME-6	9.2e-003	10:45868602-45869102	10.57	tp	0
6-CCCCGCCCCCD	STREME-6	9.2e-003	6:11818267-11818767	10.56	tp	0
6-CCCCGCCCCCD	STREME-6	9.2e-003	7:152133657-152134157	10.56	fp	0
6-CCCCGCCCCCD	STREME-6	9.2e-003	9:73100153-73100653	10.56	tp	0
6-CCCCGCCCCCD	STREME-6	9.2e-003	7:101459023-101459523	10.56	tp	0
6-CCCCGCCCCCD	STREME-6	9.2e-003	7:5492566-5493066	10.54	fp	1
6-CCCCGCCCCCD	STREME-6	9.2e-003	2:159313793-159314293	10.52	tp	0
6-CCCCGCCCCCD	STREME-6	9.2e-003	19:51597903-51598403	10.52	tp	0
6-CCCCGCCCCCD	STREME-6	9.2e-003	20:31253078-31253578	10.49	tp	0
6-CCCCGCCCCCD	STREME-6	9.2e-003	12:123868237-123868737	10.49	tp	0
6-CCCCGCCCCCD	STREME-6	9.2e-003	22:23499774-23500274	10.49	fp	0
6-CCCCGCCCCCD	STREME-6	9.2e-003	8:26148672-26149172	10.47	fp	0
6-CCCCGCCCCCD	STREME-6	9.2e-003	11:66080083-66080583	10.47	fp	0
6-CCCCGCCCCCD	STREME-6	9.2e-003	5:172753974-172754474	10.46	fp	0
6-CCCCGCCCCCD	STREME-6	9.2e-003	9:82198705-82199205	10.46	tp	1
6-CCCCGCCCCCD	STREME-6	9.2e-003	1:209974491-209974991	10.46	tp	1
6-CCCCGCCCCCD	STREME-6	9.2e-003	19:39340335-39340835	10.44	tp	0
6-CCCCGCCCCCD	STREME-6	9.2e-003	X:49969111-49969611	10.44	fp	0
6-CCCCGCCCCCD	STREME-6	9.2e-003	15:63795390-63795890	10.40	tp	0
6-CCCCGCCCCCD	STREME-6	9.2e-003	12:120669071-120669571	10.40	fp	0
6-CCCCGCCCCCD	STREME-6	9.2e-003	6:132834263-132834763	10.34	tp	0
6-CCCCGCCCCCD	STREME-6	9.2e-003	4:68566693-68567193	10.33	tp	0
6-CCCCGCCCCCD	STREME-6	9.2e-003	19:50269757-50270257	10.33	tp	0
6-CCCCGCCCCCD	STREME-6	9.2e-003	17:76182945-76183445	10.31	tp	0
6-CCCCGCCCCCD	STREME-6	9.2e-003	5:1799736-1800236	10.31	tp	0
6-CCCCGCCCCCD	STREME-6	9.2e-003	15:41522680-41523180	10.31	fp	0
6-CCCCGCCCCCD	STREME-6	9.2e-003	19:54662989-54663489	10.31	fp	0
6-CCCCGCCCCCD	STREME-6	9.2e-003	19:56111282-56111782	10.31	fp	1
6-CCCCGCCCCCD	STREME-6	9.2e-003	12:48512739-48513239	10.30	tp	0
6-CCCCGCCCCCD	STREME-6	9.2e-003	19:30551738-30552238	10.26	tp	0
6-CCCCGCCCCCD	STREME-6	9.2e-003	7:152133657-152134157	10.26	tp	0
6-CCCCGCCCCCD	STREME-6	9.2e-003	3:31165785-31166285	10.26	tp	0
6-CCCCGCCCCCD	STREME-6	9.2e-003	12:132628670-132629170	10.26	tp	1
6-CCCCGCCCCCD	STREME-6	9.2e-003	21:40159245-40159745	10.26	fp	0
6-CCCCGCCCCCD	STREME-6	9.2e-003	13:96408367-96408867	10.21	tp	0
6-CCCCGCCCCCD	STREME-6	9.2e-003	2:113032779-113033279	10.21	tp	0
6-CCCCGCCCCCD	STREME-6	9.2e-003	2:74692066-74692566	10.19	tp	0
6-CCCCGCCCCCD	STREME-6	9.2e-003	22:28838131-28838631	10.19	tp	0
6-CCCCGCCCCCD	STREME-6	9.2e-003	1:26438090-26438590	10.16	tp	0
6-CCCCGCCCCCD	STREME-6	9.2e-003	10:128327025-128327525	10.15	fp	0
6-CCCCGCCCCCD	STREME-6	9.2e-003	1:18805920-18806420	10.15	fp	0
6-CCCCGCCCCCD	STREME-6	9.2e-003	22:38503126-38503626	10.09	tp	0
6-CCCCGCCCCCD	STREME-6	9.2e-003	6:108881163-108881663	10.09	fp	1
6-CCCCGCCCCCD	STREME-6	9.2e-003	12:122017055-122017555	10.09	tp	0
6-CCCCGCCCCCD	STREME-6	9.2e-003	14:58711169-58711669	10.09	fp	0
6-CCCCGCCCCCD	STREME-6	9.2e-003	1:23730258-23730758	10.09	tp	0
6-CCCCGCCCCCD	STREME-6	9.2e-003	7:135194998-135195498	10.09	fp	0
6-CCCCGCCCCCD	STREME-6	9.2e-003	19:40939784-40940284	10.07	tp	0
6-CCCCGCCCCCD	STREME-6	9.2e-003	17:1620320-1620820	10.07	tp	0
6-CCCCGCCCCCD	STREME-6	9.2e-003	7:75442969-75443469	10.06	tp	0
6-CCCCGCCCCCD	STREME-6	9.2e-003	10:80962212-80962712	10.02	tp	0
6-CCCCGCCCCCD	STREME-6	9.2e-003	1:27423829-27424329	10.02	fp	0
6-CCCCGCCCCCD	STREME-6	9.2e-003	2:28582023-28582523	10.01	tp	0
6-CCCCGCCCCCD	STREME-6	9.2e-003	5:162864397-162864897	10.00	tp	0
6-CCCCGCCCCCD	STREME-6	9.2e-003	3:50638455-50638955	10.00	fp	0
6-CCCCGCCCCCD	STREME-6	9.2e-003	1:212458469-212458969	10.00	tp	1
6-CCCCGCCCCCD	STREME-6	9.2e-003	5:139990619-139991119	9.98	tp	0
6-CCCCGCCCCCD	STREME-6	9.2e-003	6:144850043-144850543	9.98	tp	0
6-CCCCGCCCCCD	STREME-6	9.2e-003	7:75363864-75364364	9.98	tp	0
6-CCCCGCCCCCD	STREME-6	9.2e-003	1:61542550-61543050	9.98	tp	0
6-CCCCGCCCCCD	STREME-6	9.2e-003	1:16173909-16174409	9.96	tp	0
6-CCCCGCCCCCD	STREME-6	9.2e-003	20:48118364-48118864	9.92	tp	0
6-CCCCGCCCCCD	STREME-6	9.2e-003	12:124055700-124056200	9.92	tp	0
6-CCCCGCCCCCD	STREME-6	9.2e-003	16:74597691-74598191	9.92	tp	0
6-CCCCGCCCCCD	STREME-6	9.2e-003	16:81110593-81111093	9.90	fp	0
6-CCCCGCCCCCD	STREME-6	9.2e-003	7:42276967-42277467	9.90	tp	0
6-CCCCGCCCCCD	STREME-6	9.2e-003	X:48774453-48774953	9.90	fp	0
6-CCCCGCCCCCD	STREME-6	9.2e-003	1:147400215-147400715	9.90	fp	0
6-CCCCGCCCCCD	STREME-6	9.2e-003	2:223574118-223574618	9.88	tp	0
6-CCCCGCCCCCD	STREME-6	9.2e-003	19:605186-605686	9.86	tp	0
6-CCCCGCCCCCD	STREME-6	9.2e-003	10:27443036-27443536	9.85	tp	0
6-CCCCGCCCCCD	STREME-6	9.2e-003	2:128051492-128051992	9.85	tp	0
6-CCCCGCCCCCD	STREME-6	9.2e-003	14:55221723-55222223	9.85	fp	1
6-CCCCGCCCCCD	STREME-6	9.2e-003	22:24181266-24181766	9.85	fp	0
6-CCCCGCCCCCD	STREME-6	9.2e-003	X:149862142-149862642	9.82	tp	0
6-CCCCGCCCCCD	STREME-6	9.2e-003	10:13313545-13314045	9.79	tp	0
6-CCCCGCCCCCD	STREME-6	9.2e-003	19:38747087-38747587	9.77	tp	0
6-CCCCGCCCCCD	STREME-6	9.2e-003	6:26285641-26286141	9.77	tp	0
6-CCCCGCCCCCD	STREME-6	9.2e-003	8:145133581-145134081	9.77	fp	0
6-CCCCGCCCCCD	STREME-6	9.2e-003	5:172410500-172411000	9.77	fp	0
6-CCCCGCCCCCD	STREME-6	9.2e-003	11:46358252-46358752	9.76	tp	0
6-CCCCGCCCCCD	STREME-6	9.2e-003	6:20402319-20402819	9.75	tp	0
6-CCCCGCCCCCD	STREME-6	9.2e-003	12:102271078-102271578	9.75	tp	0
6-CCCCGCCCCCD	STREME-6	9.2e-003	6:56954483-56954983	9.75	tp	0
6-CCCCGCCCCCD	STREME-6	9.2e-003	14:99654886-99655386	9.74	tp	0
6-CCCCGCCCCCD	STREME-6	9.2e-003	22:39928560-39929060	9.73	tp	1
6-CCCCGCCCCCD	STREME-6	9.2e-003	15:43808379-43808879	9.73	fp	0
6-CCCCGCCCCCD	STREME-6	9.2e-003	12:53552122-53552622	9.73	fp	0
6-CCCCGCCCCCD	STREME-6	9.2e-003	20:23338814-23339314	9.72	fp	0
6-CCCCGCCCCCD	STREME-6	9.2e-003	12:56617970-56618470	9.69	tp	0
6-CCCCGCCCCCD	STREME-6	9.2e-003	9:71394627-71395127	9.69	tp	0
6-CCCCGCCCCCD	STREME-6	9.2e-003	9:34992372-34992872	9.69	fp	0
6-CCCCGCCCCCD	STREME-6	9.2e-003	12:53764919-53765419	9.69	tp	0
6-CCCCGCCCCCD	STREME-6	9.2e-003	11:57225406-57225906	9.69	tp	0
6-CCCCGCCCCCD	STREME-6	9.2e-003	X:9310569-9311069	9.69	fp	0
6-CCCCGCCCCCD	STREME-6	9.2e-003	13:28534347-28534847	9.66	tp	0
6-CCCCGCCCCCD	STREME-6	9.2e-003	10:72968733-72969233	9.62	tp	0
6-CCCCGCCCCCD	STREME-6	9.2e-003	3:156877783-156878283	9.56	fp	0
6-CCCCGCCCCCD	STREME-6	9.2e-003	12:72233281-72233781	9.55	tp	0
6-CCCCGCCCCCD	STREME-6	9.2e-003	3:31574248-31574748	9.55	tp	0
6-CCCCGCCCCCD	STREME-6	9.2e-003	6:34191670-34192170	9.53	fp	0
6-CCCCGCCCCCD	STREME-6	9.2e-003	4:159593274-159593774	9.53	fp	1
6-CCCCGCCCCCD	STREME-6	9.2e-003	19:14138615-14139115	9.53	tp	0
6-CCCCGCCCCCD	STREME-6	9.2e-003	13:95253966-95254466	9.52	fp	0
6-CCCCGCCCCCD	STREME-6	9.2e-003	2:171829800-171830300	9.51	tp	0
6-CCCCGCCCCCD	STREME-6	9.2e-003	16:1614295-1614795	9.51	tp	0
6-CCCCGCCCCCD	STREME-6	9.2e-003	9:134109981-134110481	9.50	tp	0
6-CCCCGCCCCCD	STREME-6	9.2e-003	19:44617223-44617723	9.47	fp	0
6-CCCCGCCCCCD	STREME-6	9.2e-003	17:75768438-75768938	9.46	tp	0
6-CCCCGCCCCCD	STREME-6	9.2e-003	9:6757843-6758343	9.46	fp	0
6-CCCCGCCCCCD	STREME-6	9.2e-003	3:44666339-44666839	9.42	tp	0
6-CCCCGCCCCCD	STREME-6	9.2e-003	17:7486857-7487357	9.42	tp	0
6-CCCCGCCCCCD	STREME-6	9.2e-003	19:44617223-44617723	9.42	tp	0
6-CCCCGCCCCCD	STREME-6	9.2e-003	11:111957315-111957815	9.41	tp	0
6-CCCCGCCCCCD	STREME-6	9.2e-003	2:54013705-54014205	9.40	tp	1
6-CCCCGCCCCCD	STREME-6	9.2e-003	15:93363419-93363919	9.39	tp	0
#
7-CAAGATGGC	STREME-7	2.2e-001	6:108881163-108881663	16.66	tp	0
7-CAAGATGGC	STREME-7	2.2e-001	7:139477234-139477734	16.66	tp	0
7-CAAGATGGC	STREME-7	2.2e-001	8:144691431-144691931	16.66	tp	0
7-CAAGATGGC	STREME-7	2.2e-001	22:49448011-49448511	16.66	tp	0
7-CAAGATGGC	STREME-7	2.2e-001	1:46049819-46050319	16.66	tp	0
7-CAAGATGGC	STREME-7	2.2e-001	1:20204753-20205253	16.66	tp	0
7-CAAGATGGC	STREME-7	2.2e-001	12:121454068-121454568	16.66	tp	0
7-CAAGATGGC	STREME-7	2.2e-001	17:46969647-46970147	16.66	tp	0
7-CAAGATGGC	STREME-7	2.2e-001	1:111991802-111992302	16.66	tp	0
7-CAAGATGGC	STREME-7	2.2e-001	17:11811966-11812466	16.66	tp	0
7-CAAGATGGC	STREME-7	2.2e-001	2:178837541-178838041	16.66	tp	0
7-CAAGATGGC	STREME-7	2.2e-001	7:101459023-101459523	16.66	tp	0
7-CAAGATGGC	STREME-7	2.2e-001	X:107408556-107409056	13.78	tp	0
7-CAAGATGGC	STREME-7	2.2e-001	20:5891985-5892485	13.78	tp	0
7-CAAGATGGC	STREME-7	2.2e-001	11:66277878-66278378	13.78	tp	0
7-CAAGATGGC	STREME-7	2.2e-001	15:42565320-42565820	13.78	tp	0
7-CAAGATGGC	STREME-7	2.2e-001	19:38852929-38853429	13.78	tp	0
7-CAAGATGGC	STREME-7	2.2e-001	11:12915565-12916065	13.78	tp	0
7-CAAGATGGC	STREME-7	2.2e-001	7:106960283-106960783	13.60	tp	0
7-CAAGATGGC	STREME-7	2.2e-001	5:10334879-10335379	13.60	tp	0
7-CAAGATGGC	STREME-7	2.2e-001	17:1618513-1619013	13.60	tp	0
7-CAAGATGGC	STREME-7	2.2e-001	10:98590245-98590745	13.58	tp	0
7-CAAGATGGC	STREME-7	2.2e-001	16:4743461-4743961	13.58	tp	0
7-CAAGATGGC	STREME-7	2.2e-001	17:80712720-80713220	13.58	tp	0
7-CAAGATGGC	STREME-7	2.2e-001	10:59063275-59063775	13.18	tp	0
7-CAAGATGGC	STREME-7	2.2e-001	2:71558892-71559392	13.18	tp	0
7-CAAGATGGC	STREME-7	2.2e-001	1:5948562-5949062	13.18	tp	0
7-CAAGATGGC	STREME-7	2.2e-001	19:5622554-5623054	13.18	tp	0
7-CAAGATGGC	STREME-7	2.2e-001	11:10477369-10477869	13.18	tp	0
7-CAAGATGGC	STREME-7	2.2e-001	X:154493604-154494104	13.18	tp	0
7-CAAGATGGC	STREME-7	2.2e-001	6:167200203-167200703	13.18	tp	0
7-CAAGATGGC	STREME-7	2.2e-001	6:30582691-30583191	13.18	tp	0
7-CAAGATGGC	STREME-7	2.2e-001	10:33270592-33271092	13.18	fp	0
7-CAAGATGGC	STREME-7	2.2e-001	2:71357080-71357580	13.18	tp	1
7-CAAGATGGC	STREME-7	2.2e-001	9:36325108-36325608	13.18	tp	1
7-CAAGATGGC	STREME-7	2.2e-001	X:62654539-62655039	13.18	tp	1
7-CAAGATGGC	STREME-7	2.2e-001	6:31830481-31830981	13.04	tp	0
7-CAAGATGGC	STREME-7	2.2e-001	12:93043671-93044171	13.04	tp	0
7-CAAGATGGC	STREME-7	2.2e-001	5:82726185-82726685	13.04	tp	0
7-CAAGATGGC	STREME-7	2.2e-001	1:168147750-168148250	13.04	tp	0
7-CAAGATGGC	STREME-7	2.2e-001	1:109819942-109820442	13.04	tp	0
7-CAAGATGGC	STREME-7	2.2e-001	9:115774272-115774772	13.04	tp	0
7-CAAGATGGC	STREME-7	2.2e-001	7:150755072-150755572	13.04	tp	0
7-CAAGATGGC	STREME-7	2.2e-001	1:33116316-33116816	13.04	tp	0
7-CAAGATGGC	STREME-7	2.2e-001	1:226814153-226814653	13.04	tp	0
7-CAAGATGGC	STREME-7	2.2e-001	5:138738170-138738670	13.04	fp	0
7-CAAGATGGC	STREME-7	2.2e-001	11:72525072-72525572	13.04	tp	1
7-CAAGATGGC	STREME-7	2.2e-001	7:100271090-100271590	13.04	fp	1
7-CAAGATGGC	STREME-7	2.2e-001	12:104341728-104342228	12.95	tp	0
7-CAAGATGGC	STREME-7	2.2e-001	7:153110933-153111433	12.95	tp	0
7-CAAGATGGC	STREME-7	2.2e-001	1:44820809-44821309	12.95	tp	0
7-CAAGATGGC	STREME-7	2.2e-001	9:33165672-33166172	12.95	fp	0
7-CAAGATGGC	STREME-7	2.2e-001	17:13241066-13241566	12.94	tp	0
7-CAAGATGGC	STREME-7	2.2e-001	3:180520566-180521066	12.94	tp	0
7-CAAGATGGC	STREME-7	2.2e-001	13:110359288-110359788	12.76	tp	0
7-CAAGATGGC	STREME-7	2.2e-001	7:40678441-40678941	12.76	tp	0
7-CAAGATGGC	STREME-7	2.2e-001	17:80009527-80010027	12.76	tp	0
7-CAAGATGGC	STREME-7	2.2e-001	6:139003797-139004297	12.76	tp	0
7-CAAGATGGC	STREME-7	2.2e-001	11:11838145-11838645	12.76	fp	0
7-CAAGATGGC	STREME-7	2.2e-001	10:21623930-21624430	12.19	tp	0
7-CAAGATGGC	STREME-7	2.2e-001	1:206664159-206664659	11.91	tp	0
7-CAAGATGGC	STREME-7	2.2e-001	11:69271389-69271889	11.72	tp	0
7-CAAGATGGC	STREME-7	2.2e-001	2:60983137-60983637	11.72	tp	1
7-CAAGATGGC	STREME-7	2.2e-001	7:101459023-101459523	11.72	fp	1
#
8-GGTCACGTGABBS	STREME-8	3.4e-001	X:1510387-1510887	21.56	tp	0
8-GGTCACGTGABBS	STREME-8	3.4e-001	10:69644155-69644655	20.38	tp	0
8-GGTCACGTGABBS	STREME-8	3.4e-001	17:32001625-32002125	20.32	tp	0
8-GGTCACGTGABBS	STREME-8	3.4e-001	17:7137654-7138154	20.06	tp	0
8-GGTCACGTGABBS	STREME-8	3.4e-001	12:108439853-108440353	19.65	tp	0
8-GGTCACGTGABBS	STREME-8	3.4e-001	13:49684119-49684619	19.52	tp	0
8-GGTCACGTGABBS	STREME-8	3.4e-001	4:124468277-124468777	19.03	tp	0
8-GGTCACGTGABBS	STREME-8	3.4e-001	1:202896176-202896676	18.91	tp	0
8-GGTCACGTGABBS	STREME-8	3.4e-001	20:18118448-18118948	18.91	tp	0
8-GGTCACGTGABBS	STREME-8	3.4e-001	14:20923086-20923586	18.72	tp	0
8-GGTCACGTGABBS	STREME-8	3.4e-001	6:36953742-36954242	18.13	tp	0
8-GGTCACGTGABBS	STREME-8	3.4e-001	5:133561558-133562058	18.09	tp	0
8-GGTCACGTGABBS	STREME-8	3.4e-001	1:47184595-47185095	18.09	tp	1
8-GGTCACGTGABBS	STREME-8	3.4e-001	5:1799736-1800236	17.91	tp	0
8-GGTCACGTGABBS	STREME-8	3.4e-001	13:113951236-113951736	17.86	tp	0
8-GGTCACGTGABBS	STREME-8	3.4e-001	17:72510824-72511324	17.79	tp	0
8-GGTCACGTGABBS	STREME-8	3.4e-001	12:64616132-64616632	17.61	tp	0
8-GGTCACGTGABBS	STREME-8	3.4e-001	11:64268038-64268538	17.48	tp	0
8-GGTCACGTGABBS	STREME-8	3.4e-001	6:26026391-26026891	16.80	tp	0
8-GGTCACGTGABBS	STREME-8	3.4e-001	1:33116316-33116816	16.80	tp	0
8-GGTCACGTGABBS	STREME-8	3.4e-001	10:120514520-120515020	16.79	tp	0
8-GGTCACGTGABBS	STREME-8	3.4e-001	6:26285670-26286170	16.73	tp	0
8-GGTCACGTGABBS	STREME-8	3.4e-001	6:26285641-26286141	16.73	tp	0
8-GGTCACGTGABBS	STREME-8	3.4e-001	5:172410500-172411000	16.68	tp	0
8-GGTCACGTGABBS	STREME-8	3.4e-001	3:156272850-156273350	16.50	tp	0
8-GGTCACGTGABBS	STREME-8	3.4e-001	10:105091858-105092358	16.36	tp	0
8-GGTCACGTGABBS	STREME-8	3.4e-001	11:1784991-1785491	16.29	tp	0
8-GGTCACGTGABBS	STREME-8	3.4e-001	6:14211108-14211608	16.19	tp	0
8-GGTCACGTGABBS	STREME-8	3.4e-001	5:64382962-64383462	16.02	tp	0
8-GGTCACGTGABBS	STREME-8	3.4e-001	18:60189923-60190423	15.82	tp	0
8-GGTCACGTGABBS	STREME-8	3.4e-001	1:199901073-199901573	15.80	tp	0
8-GGTCACGTGABBS	STREME-8	3.4e-001	17:79438984-79439484	15.76	tp	0
8-GGTCACGTGABBS	STREME-8	3.4e-001	X:155227072-155227572	15.67	tp	1
8-GGTCACGTGABBS	STREME-8	3.4e-001	12:13080141-13080641	15.67	tp	0
8-GGTCACGTGABBS	STREME-8	3.4e-001	5:43603014-43603514	15.61	tp	0
8-GGTCACGTGABBS	STREME-8	3.4e-001	3:156877783-156878283	15.60	tp	0
8-GGTCACGTGABBS	STREME-8	3.4e-001	21:38738688-38739188	15.54	tp	0
8-GGTCACGTGABBS	STREME-8	3.4e-001	7:139285026-139285526	15.46	tp	0
8-GGTCACGTGABBS	STREME-8	3.4e-001	12:121454068-121454568	15.44	tp	0
8-GGTCACGTGABBS	STREME-8	3.4e-001	1:1789997-1790497	15.43	tp	0
8-GGTCACGTGABBS	STREME-8	3.4e-001	12:125635807-125636307	15.40	tp	0
8-GGTCACGTGABBS	STREME-8	3.4e-001	20:48118364-48118864	15.39	tp	0
8-GGTCACGTGABBS	STREME-8	3.4e-001	11:65479182-65479682	15.37	tp	0
8-GGTCACGTGABBS	STREME-8	3.4e-001	1:243264834-243265334	15.31	tp	0
8-GGTCACGTGABBS	STREME-8	3.4e-001	16:75656933-75657433	15.31	tp	0
8-GGTCACGTGABBS	STREME-8	3.4e-001	1:168147750-168148250	15.31	tp	0
8-GGTCACGTGABBS	STREME-8	3.4e-001	12:133022521-133023021	15.31	tp	0
8-GGTCACGTGABBS	STREME-8	3.4e-001	16:24894895-24895395	15.17	tp	0
8-GGTCACGTGABBS	STREME-8	3.4e-001	17:72510824-72511324	14.96	fp	0
8-GGTCACGTGABBS	STREME-8	3.4e-001	22:19934780-19935280	14.93	tp	0
8-GGTCACGTGABBS	STREME-8	3.4e-001	12:53886566-53887066	14.86	tp	0
8-GGTCACGTGABBS	STREME-8	3.4e-001	12:104358530-104359030	14.85	tp	0
8-GGTCACGTGABBS	STREME-8	3.4e-001	1:155210821-155211321	14.85	tp	0
8-GGTCACGTGABBS	STREME-8	3.4e-001	4:174238074-174238574	14.77	fp	1
8-GGTCACGTGABBS	STREME-8	3.4e-001	13:50699658-50700158	14.74	tp	0
8-GGTCACGTGABBS	STREME-8	3.4e-001	8:48873167-48873667	14.66	fp	1
8-GGTCACGTGABBS	STREME-8	3.4e-001	19:49375371-49375871	14.66	tp	0
8-GGTCACGTGABBS	STREME-8	3.4e-001	2:240964545-240965045	14.66	tp	1
8-GGTCACGTGABBS	STREME-8	3.4e-001	6:106773415-106773915	14.62	tp	1
8-GGTCACGTGABBS	STREME-8	3.4e-001	6:17820158-17820658	14.61	tp	0
8-GGTCACGTGABBS	STREME-8	3.4e-001	9:19127327-19127827	14.48	tp	0
8-GGTCACGTGABBS	STREME-8	3.4e-001	4:24474420-24474920	14.44	tp	0
